in:Windows,in:Walls,in:Roof,in:Infiltration,out:<50kWh/m2,out:<80kWh/m2,out:Space heating demand [kWh/m2],out:Cooling demand [kWh/m2],out:Electricity demand [kWh/m2],out:Total Load Intensity [kWh/m2],out:Co2 emissions [kg],out:Peak_Rooms[W],out:LT_rooms,out:Peak_Attic[W],out:LT_Attic,out:pct_cold,out:cold_comf,out:pct_hot,out:hot_comf,img
double_glas,non_insulated_w,non_insulated_r,No gap_s + vA,False,False,250.935037,5.302382,49.809165,337.680584,82550.446738,1512.644731,Almost LT-ready,5238.012373,Not LT-ready,49.46347,False,5.901826,False,Windowsdouble_glas_Wallsnon_insulated_w_Roofnon_insulated_r_InfiltrationNogap_s+vA.png
acht_w_foil,non_insulated_w,non_insulated_r,No gap_s + vA,False,False,235.339853,5.397769,49.904553,322.180788,78218.549875,1418.695074,LT-ready,5087.035535,Not LT-ready,46.723744,False,6.381279,False,Windowsacht_w_foil_Wallsnon_insulated_w_Roofnon_insulated_r_InfiltrationNogap_s+vA.png
HR++,non_insulated_w,non_insulated_r,No gap_s + vA,False,False,223.469513,5.430737,49.937521,310.343416,74919.319186,1343.390521,LT-ready,4970.401112,Not LT-ready,44.474886,False,6.666667,False,WindowsHR++_Wallsnon_insulated_w_Roofnon_insulated_r_InfiltrationNogap_s+vA.png
triple_glas,non_insulated_w,non_insulated_r,No gap_s + vA,False,False,215.408215,5.475511,49.982294,302.326891,72679.893225,1296.104992,LT-ready,4898.683255,Not LT-ready,42.728311,False,6.883562,False,Windowstriple_glas_Wallsnon_insulated_w_Roofnon_insulated_r_InfiltrationNogap_s+vA.png
double_glas,cavity_w_insulation,non_insulated_r,No gap_s + vA,False,False,205.160048,4.60559,49.112373,291.208803,69786.443227,1098.042845,LT-ready,4997.673998,Not LT-ready,13.561644,False,5.353881,False,Windowsdouble_glas_Wallscavity_w_insulation_Roofnon_insulated_r_InfiltrationNogap_s+vA.png
acht_w_foil,cavity_w_insulation,non_insulated_r,No gap_s + vA,False,False,188.589785,4.697526,49.204309,274.730476,65183.22472,996.032813,LT-ready,4841.655524,Not LT-ready,9.634703,False,6.038813,False,Windowsacht_w_foil_Wallscavity_w_insulation_Roofnon_insulated_r_InfiltrationNogap_s+vA.png
HR++,cavity_w_insulation,non_insulated_r,No gap_s + vA,False,False,175.892992,4.728932,49.235715,262.065089,61654.096916,914.039664,LT-ready,4720.665066,Not LT-ready,6.461187,False,6.780822,False,WindowsHR++_Wallscavity_w_insulation_Roofnon_insulated_r_InfiltrationNogap_s+vA.png
triple_glas,cavity_w_insulation,non_insulated_r,No gap_s + vA,False,False,167.85465,4.795278,49.302061,254.093093,59422.137142,862.420148,LT-ready,4645.972507,Not LT-ready,4.965753,False,7.351598,False,Windowstriple_glas_Wallscavity_w_insulation_Roofnon_insulated_r_InfiltrationNogap_s+vA.png
double_glas,l_insulation,non_insulated_r,No gap_s + vA,False,False,202.449028,4.566682,49.073465,288.458875,69030.614564,1072.88678,LT-ready,4983.266971,Not LT-ready,11.038813,False,5.33105,False,Windowsdouble_glas_Wallsl_insulation_Roofnon_insulated_r_InfiltrationNogap_s+vA.png
acht_w_foil,l_insulation,non_insulated_r,No gap_s + vA,False,False,185.840779,4.652853,49.159636,271.936797,64416.54366,970.332704,LT-ready,4826.875972,Not LT-ready,7.271689,False,6.141553,False,Windowsacht_w_foil_Wallsl_insulation_Roofnon_insulated_r_InfiltrationNogap_s+vA.png
HR++,l_insulation,non_insulated_r,No gap_s + vA,False,False,173.093571,4.696153,49.202936,259.232889,60873.993423,887.882547,LT-ready,4705.547574,Not LT-ready,4.817352,False,6.906393,False,WindowsHR++_Wallsl_insulation_Roofnon_insulated_r_InfiltrationNogap_s+vA.png
triple_glas,l_insulation,non_insulated_r,No gap_s + vA,False,False,164.832901,4.766998,49.273781,251.043064,58580.434811,835.964099,LT-ready,4630.613831,Not LT-ready,3.641553,False,7.511416,False,Windowstriple_glas_Wallsl_insulation_Roofnon_insulated_r_InfiltrationNogap_s+vA.png
double_glas,m_insulation,non_insulated_r,No gap_s + vA,False,False,196.872849,4.494445,49.001229,282.81046,67476.374538,1022.47198,LT-ready,4954.411109,Not LT-ready,6.369863,False,5.410959,False,Windowsdouble_glas_Wallsm_insulation_Roofnon_insulated_r_InfiltrationNogap_s+vA.png
acht_w_foil,m_insulation,non_insulated_r,No gap_s + vA,False,False,180.069302,4.581848,49.088631,266.094315,62808.057256,918.803521,LT-ready,4797.233064,Not LT-ready,3.881279,False,6.415525,False,Windowsacht_w_foil_Wallsm_insulation_Roofnon_insulated_r_InfiltrationNogap_s+vA.png
HR++,m_insulation,non_insulated_r,No gap_s + vA,False,False,167.356627,4.631035,49.137819,253.430828,59275.405383,835.419195,LT-ready,4675.182541,Not LT-ready,2.328767,False,7.226027,False,WindowsHR++_Wallsm_insulation_Roofnon_insulated_r_InfiltrationNogap_s+vA.png
triple_glas,m_insulation,non_insulated_r,No gap_s + vA,False,False,159.089642,4.688833,49.195617,245.221641,56979.435956,782.886158,LT-ready,4599.721703,Not LT-ready,1.324201,True,7.922374,False,Windowstriple_glas_Wallsm_insulation_Roofnon_insulated_r_InfiltrationNogap_s+vA.png
double_glas,h_insulation,non_insulated_r,No gap_s + vA,False,False,193.916094,4.461522,48.968306,279.820782,66652.51263,995.705225,LT-ready,4939.090091,Not LT-ready,4.611872,False,5.490868,False,Windowsdouble_glas_Wallsh_insulation_Roofnon_insulated_r_InfiltrationNogap_s+vA.png
acht_w_foil,h_insulation,non_insulated_r,No gap_s + vA,False,False,177.054073,4.544543,49.051327,263.041782,61967.715136,891.432723,LT-ready,4781.469108,Not LT-ready,2.671233,False,6.52968,False,Windowsacht_w_foil_Wallsh_insulation_Roofnon_insulated_r_InfiltrationNogap_s+vA.png
HR++,h_insulation,non_insulated_r,No gap_s + vA,False,False,164.139905,4.582756,49.089539,250.165826,58378.481592,807.539001,LT-ready,4659.00049,Not LT-ready,1.141553,True,7.363014,False,WindowsHR++_Wallsh_insulation_Roofnon_insulated_r_InfiltrationNogap_s+vA.png
triple_glas,h_insulation,non_insulated_r,No gap_s + vA,False,False,156.057099,4.649555,49.156339,242.14982,56134.180123,754.660612,LT-ready,4583.224081,Not LT-ready,0.479452,True,8.378995,False,Windowstriple_glas_Wallsh_insulation_Roofnon_insulated_r_InfiltrationNogap_s+vA.png
double_glas,non_insulated_w,l_r_insulation,No gap_s + vA,False,False,217.84785,4.655219,49.162002,303.946234,73317.137488,1478.924728,Almost LT-ready,3870.390345,Not LT-ready,49.189498,False,5.993151,False,Windowsdouble_glas_Wallsnon_insulated_w_Roofl_r_insulation_InfiltrationNogap_s+vA.png
acht_w_foil,non_insulated_w,l_r_insulation,No gap_s + vA,False,False,201.603946,4.739038,49.245822,287.78615,68804.265077,1383.8718,LT-ready,3702.849742,Not LT-ready,46.381279,False,6.426941,False,Windowsacht_w_foil_Wallsnon_insulated_w_Roofl_r_insulation_InfiltrationNogap_s+vA.png
HR++,non_insulated_w,l_r_insulation,No gap_s + vA,False,False,189.456221,4.769784,49.276567,275.66917,65427.788052,1307.629877,LT-ready,3573.147607,Almost LT-ready,44.006849,False,6.712329,False,WindowsHR++_Wallsnon_insulated_w_Roofl_r_insulation_InfiltrationNogap_s+vA.png
triple_glas,non_insulated_w,l_r_insulation,No gap_s + vA,False,False,181.113267,4.825238,49.332022,267.381671,63110.575707,1259.719107,LT-ready,3493.20886,Almost LT-ready,42.305936,False,6.96347,False,Windowstriple_glas_Wallsnon_insulated_w_Roofl_r_insulation_InfiltrationNogap_s+vA.png
double_glas,cavity_w_insulation,l_r_insulation,No gap_s + vA,False,False,171.121453,3.958326,48.46511,256.522945,60288.562945,1061.333488,LT-ready,3599.928258,Almost LT-ready,12.705479,False,5.388128,False,Windowsdouble_glas_Wallscavity_w_insulation_Roofl_r_insulation_InfiltrationNogap_s+vA.png
acht_w_foil,cavity_w_insulation,l_r_insulation,No gap_s + vA,False,False,153.710099,4.047977,48.55476,239.201241,55451.340478,958.052781,LT-ready,3426.183023,Almost LT-ready,8.744292,False,6.255708,False,Windowsacht_w_foil_Wallscavity_w_insulation_Roofl_r_insulation_InfiltrationNogap_s+vA.png
HR++,cavity_w_insulation,l_r_insulation,No gap_s + vA,False,False,140.60205,4.077064,48.583848,226.12228,51807.734937,874.987163,LT-ready,3291.097729,Almost LT-ready,5.936073,False,6.894977,False,WindowsHR++_Wallscavity_w_insulation_Roofl_r_insulation_InfiltrationNogap_s+vA.png
triple_glas,cavity_w_insulation,l_r_insulation,No gap_s + vA,False,False,132.348959,4.143265,48.650048,217.935389,49516.050778,822.660328,LT-ready,3207.47281,Almost LT-ready,4.577626,False,7.728311,False,Windowstriple_glas_Wallscavity_w_insulation_Roofl_r_insulation_InfiltrationNogap_s+vA.png
double_glas,l_insulation,l_r_insulation,No gap_s + vA,False,False,168.233487,3.921402,48.428185,253.598054,59483.628936,1035.98947,LT-ready,3583.657191,Almost LT-ready,10.33105,False,5.342466,False,Windowsdouble_glas_Wallsl_insulation_Roofl_r_insulation_InfiltrationNogap_s+vA.png
acht_w_foil,l_insulation,l_r_insulation,No gap_s + vA,False,False,150.820105,4.008662,48.515445,236.271932,54645.722586,932.15794,LT-ready,3409.452473,Almost LT-ready,6.541096,False,6.232877,False,Windowsacht_w_foil_Wallsl_insulation_Roofl_r_insulation_InfiltrationNogap_s+vA.png
HR++,l_insulation,l_r_insulation,No gap_s + vA,False,False,137.62032,4.039211,48.545994,223.102696,50976.680564,848.63599,LT-ready,3273.94975,Almost LT-ready,4.406393,False,7.146119,False,WindowsHR++_Wallsl_insulation_Roofl_r_insulation_InfiltrationNogap_s+vA.png
triple_glas,l_insulation,l_r_insulation,No gap_s + vA,False,False,129.390567,4.104328,48.611111,214.93806,48691.431849,796.012456,LT-ready,3190.021557,Almost LT-ready,3.287671,False,7.694064,False,Windowstriple_glas_Wallsl_insulation_Roofl_r_insulation_InfiltrationNogap_s+vA.png
double_glas,m_insulation,l_r_insulation,No gap_s + vA,False,False,162.503001,3.838222,48.345006,247.784389,57885.930303,985.201249,LT-ready,3551.04589,Almost LT-ready,5.86758,False,5.43379,False,Windowsdouble_glas_Wallsm_insulation_Roofl_r_insulation_InfiltrationNogap_s+vA.png
acht_w_foil,m_insulation,l_r_insulation,No gap_s + vA,False,False,144.915879,3.939282,48.446066,230.298327,53000.403151,880.254068,LT-ready,3375.873096,Almost LT-ready,3.538813,False,6.461187,False,Windowsacht_w_foil_Wallsm_insulation_Roofl_r_insulation_InfiltrationNogap_s+vA.png
HR++,m_insulation,l_r_insulation,No gap_s + vA,False,False,131.626236,3.966078,48.472861,217.035479,49306.18517,795.793258,LT-ready,3239.460725,Almost LT-ready,1.986301,False,7.328767,False,WindowsHR++_Wallsm_insulation_Roofl_r_insulation_InfiltrationNogap_s+vA.png
triple_glas,m_insulation,l_r_insulation,No gap_s + vA,False,False,123.5094,4.028576,48.535359,208.981141,47052.204801,742.549115,LT-ready,3154.856186,Almost LT-ready,1.027397,True,8.356164,False,Windowstriple_glas_Wallsm_insulation_Roofl_r_insulation_InfiltrationNogap_s+vA.png
double_glas,h_insulation,l_r_insulation,No gap_s + vA,False,False,159.498091,3.799732,48.306516,244.740989,57048.398156,958.24345,LT-ready,3533.722151,Almost LT-ready,4.23516,False,5.53653,False,Windowsdouble_glas_Wallsh_insulation_Roofl_r_insulation_InfiltrationNogap_s+vA.png
acht_w_foil,h_insulation,l_r_insulation,No gap_s + vA,False,False,141.904538,3.892839,48.399622,227.240542,52160.683519,852.686565,LT-ready,3357.994418,Almost LT-ready,2.317352,False,6.621005,False,Windowsacht_w_foil_Wallsh_insulation_Roofl_r_insulation_InfiltrationNogap_s+vA.png
HR++,h_insulation,l_r_insulation,No gap_s + vA,False,False,128.505142,3.927004,48.433787,213.875311,48436.315454,767.711162,LT-ready,3221.050383,Almost LT-ready,0.913242,True,7.545662,False,WindowsHR++_Wallsh_insulation_Roofl_r_insulation_InfiltrationNogap_s+vA.png
triple_glas,h_insulation,l_r_insulation,No gap_s + vA,False,False,120.103893,3.99242,48.499203,205.539478,46103.392411,714.126811,LT-ready,3136.039856,Almost LT-ready,0.365297,True,8.59589,False,Windowstriple_glas_Wallsh_insulation_Roofl_r_insulation_InfiltrationNogap_s+vA.png
double_glas,non_insulated_w,m_r_insulation,No gap_s + vA,False,False,207.516445,4.470541,48.977324,293.430151,70434.929035,1466.84273,Almost LT-ready,3452.390588,Almost LT-ready,49.109589,False,6.004566,False,Windowsdouble_glas_Wallsnon_insulated_w_Roofm_r_insulation_InfiltrationNogap_s+vA.png
acht_w_foil,non_insulated_w,m_r_insulation,No gap_s + vA,False,False,191.149948,4.553876,49.060659,277.146989,65887.94182,1371.277586,LT-ready,3279.116544,Almost LT-ready,46.19863,False,6.484018,False,Windowsacht_w_foil_Wallsnon_insulated_w_Roofm_r_insulation_InfiltrationNogap_s+vA.png
HR++,non_insulated_w,m_r_insulation,No gap_s + vA,False,False,178.729946,4.584038,49.090821,264.757149,62435.721185,1294.584474,LT-ready,3144.872725,Almost LT-ready,43.812785,False,6.700913,False,WindowsHR++_Wallsnon_insulated_w_Roofm_r_insulation_InfiltrationNogap_s+vA.png
triple_glas,non_insulated_w,m_r_insulation,No gap_s + vA,False,False,170.100505,4.64051,49.147293,256.18418,60038.89403,1246.362424,LT-ready,3062.072431,Almost LT-ready,42.203196,False,6.986301,False,Windowstriple_glas_Wallsnon_insulated_w_Roofm_r_insulation_InfiltrationNogap_s+vA.png
double_glas,cavity_w_insulation,m_r_insulation,No gap_s + vA,False,False,160.354373,3.773648,48.280432,245.571187,57285.202685,1047.911926,LT-ready,3171.515395,Almost LT-ready,12.420091,False,5.456621,False,Windowsdouble_glas_Wallscavity_w_insulation_Roofm_r_insulation_InfiltrationNogap_s+vA.png
acht_w_foil,cavity_w_insulation,m_r_insulation,No gap_s + vA,False,False,142.831447,3.86043,48.367213,228.135042,52416.810477,944.001864,LT-ready,2991.58791,Almost LT-ready,8.47032,False,6.232877,False,Windowsacht_w_foil_Wallscavity_w_insulation_Roofm_r_insulation_InfiltrationNogap_s+vA.png
HR++,cavity_w_insulation,m_r_insulation,No gap_s + vA,False,False,129.430234,3.893845,48.400629,214.767245,48691.899556,860.379,LT-ready,2851.571518,Almost LT-ready,5.730594,False,6.974886,False,WindowsHR++_Wallscavity_w_insulation_Roofm_r_insulation_InfiltrationNogap_s+vA.png
triple_glas,cavity_w_insulation,m_r_insulation,No gap_s + vA,False,False,121.091841,3.958833,48.465617,206.49384,46376.43393,807.666431,LT-ready,2764.818672,Almost LT-ready,4.383562,False,7.728311,False,Windowstriple_glas_Wallscavity_w_insulation_Roofm_r_insulation_InfiltrationNogap_s+vA.png
double_glas,l_insulation,m_r_insulation,No gap_s + vA,False,False,157.463232,3.734437,48.24122,242.640834,56479.271006,1022.480079,LT-ready,3154.598578,Almost LT-ready,10.10274,False,5.388128,False,Windowsdouble_glas_Wallsl_insulation_Roofm_r_insulation_InfiltrationNogap_s+vA.png
acht_w_foil,l_insulation,m_r_insulation,No gap_s + vA,False,False,139.758232,3.823014,48.329798,225.024412,51560.338133,918.012613,LT-ready,2974.177512,Almost LT-ready,6.289954,False,6.335616,False,Windowsacht_w_foil_Wallsl_insulation_Roofm_r_insulation_InfiltrationNogap_s+vA.png
HR++,l_insulation,m_r_insulation,No gap_s + vA,False,False,126.410269,3.856917,48.363701,211.710352,47850.259326,833.929582,LT-ready,2833.711957,Almost LT-ready,4.246575,False,7.134703,False,WindowsHR++_Wallsl_insulation_Roofm_r_insulation_InfiltrationNogap_s+vA.png
triple_glas,l_insulation,m_r_insulation,No gap_s + vA,False,False,118.15207,3.920356,48.427139,203.515591,45557.016134,780.912014,LT-ready,2746.629853,Almost LT-ready,3.1621,False,8.025114,False,Windowstriple_glas_Wallsl_insulation_Roofm_r_insulation_InfiltrationNogap_s+vA.png
double_glas,m_insulation,m_r_insulation,No gap_s + vA,False,False,151.728906,3.654143,48.160927,236.826215,54880.649383,971.516885,LT-ready,3120.684411,Almost LT-ready,5.6621,False,5.479452,False,Windowsdouble_glas_Wallsm_insulation_Roofm_r_insulation_InfiltrationNogap_s+vA.png
acht_w_foil,m_insulation,m_r_insulation,No gap_s + vA,False,False,133.950617,3.749492,48.256276,219.143275,49941.676218,865.92071,LT-ready,2939.221612,Almost LT-ready,3.356164,False,6.609589,False,Windowsacht_w_foil_Wallsm_insulation_Roofm_r_insulation_InfiltrationNogap_s+vA.png
HR++,m_insulation,m_r_insulation,No gap_s + vA,False,False,120.45799,3.786955,48.293738,205.68811,46191.548083,780.881754,LT-ready,2797.771834,Almost LT-ready,1.872146,False,7.317352,False,WindowsHR++_Wallsm_insulation_Roofm_r_insulation_InfiltrationNogap_s+vA.png
triple_glas,m_insulation,m_r_insulation,No gap_s + vA,False,False,112.18547,3.848754,48.355537,197.477389,43894.240278,727.236685,LT-ready,2709.956348,Almost LT-ready,0.913242,True,8.424658,False,Windowstriple_glas_Wallsm_insulation_Roofm_r_insulation_InfiltrationNogap_s+vA.png
double_glas,h_insulation,m_r_insulation,No gap_s + vA,False,False,148.700196,3.614941,48.121725,233.758303,54036.463239,944.466241,LT-ready,3102.662453,Almost LT-ready,4.063927,False,5.513699,False,Windowsdouble_glas_Wallsh_insulation_Roofm_r_insulation_InfiltrationNogap_s+vA.png
acht_w_foil,h_insulation,m_r_insulation,No gap_s + vA,False,False,130.855475,3.708215,48.214999,216.006856,49078.912637,838.250022,LT-ready,2920.601158,Almost LT-ready,2.157534,False,6.757991,False,Windowsacht_w_foil_Wallsh_insulation_Roofm_r_insulation_InfiltrationNogap_s+vA.png
HR++,h_insulation,m_r_insulation,No gap_s + vA,False,False,117.277981,3.738399,48.245182,202.459545,45304.819534,752.69177,LT-ready,2778.576272,Almost LT-ready,0.810502,True,7.659817,False,WindowsHR++_Wallsh_insulation_Roofm_r_insulation_InfiltrationNogap_s+vA.png
triple_glas,h_insulation,m_r_insulation,No gap_s + vA,False,False,109.058679,3.81334,48.320124,194.315185,43022.970074,698.705318,LT-ready,2690.318459,Almost LT-ready,0.273973,True,8.835616,False,Windowstriple_glas_Wallsh_insulation_Roofm_r_insulation_InfiltrationNogap_s+vA.png
double_glas,non_insulated_w,h_r_insulation,No gap_s + vA,False,False,202.795841,4.388792,48.895576,288.627799,69118.128586,1460.864959,Almost LT-ready,3261.332334,Almost LT-ready,49.006849,False,6.038813,False,Windowsdouble_glas_Wallsnon_insulated_w_Roofh_r_insulation_InfiltrationNogap_s+vA.png
acht_w_foil,non_insulated_w,h_r_insulation,No gap_s + vA,False,False,186.167073,4.469285,48.976068,272.079523,64498.066797,1365.004733,LT-ready,3085.306567,Almost LT-ready,46.130137,False,6.518265,False,Windowsacht_w_foil_Wallsnon_insulated_w_Roofh_r_insulation_InfiltrationNogap_s+vA.png
HR++,non_insulated_w,h_r_insulation,No gap_s + vA,False,False,173.677048,4.498416,49.0052,259.61863,61026.32259,1288.045013,LT-ready,2948.88505,Almost LT-ready,43.721461,False,6.757991,False,WindowsHR++_Wallsnon_insulated_w_Roofh_r_insulation_InfiltrationNogap_s+vA.png
triple_glas,non_insulated_w,h_r_insulation,No gap_s + vA,False,False,165.242413,4.553831,49.060614,251.239409,58683.613681,1239.634632,LT-ready,2864.716255,Almost LT-ready,42.146119,False,6.952055,False,Windowstriple_glas_Wallsnon_insulated_w_Roofh_r_insulation_InfiltrationNogap_s+vA.png
double_glas,cavity_w_insulation,h_r_insulation,No gap_s + vA,False,False,155.411074,3.689109,48.195893,240.543349,55906.335503,1041.170967,LT-ready,2975.483287,Almost LT-ready,12.237443,False,5.468037,False,Windowsdouble_glas_Wallscavity_w_insulation_Roofh_r_insulation_InfiltrationNogap_s+vA.png
acht_w_foil,cavity_w_insulation,h_r_insulation,No gap_s + vA,False,False,137.754652,3.77939,48.286174,222.977208,51000.996585,936.876097,LT-ready,2792.5923,Almost LT-ready,8.36758,False,6.232877,False,Windowsacht_w_foil_Wallscavity_w_insulation_Roofh_r_insulation_InfiltrationNogap_s+vA.png
HR++,cavity_w_insulation,h_r_insulation,No gap_s + vA,False,False,124.383092,3.807466,48.31425,209.633724,47284.063541,852.900351,LT-ready,2650.227386,Almost LT-ready,5.639269,False,7.089041,False,WindowsHR++_Wallscavity_w_insulation_Roofh_r_insulation_InfiltrationNogap_s+vA.png
triple_glas,cavity_w_insulation,h_r_insulation,No gap_s + vA,False,False,115.749859,3.870711,48.377494,201.063735,44886.521758,799.930165,LT-ready,2561.995719,Almost LT-ready,4.23516,False,7.899543,False,Windowstriple_glas_Wallscavity_w_insulation_Roofh_r_insulation_InfiltrationNogap_s+vA.png
double_glas,l_insulation,h_r_insulation,No gap_s + vA,False,False,152.539264,3.653318,48.160102,237.635748,55105.951037,1015.686572,LT-ready,2958.256855,Almost LT-ready,9.965753,False,5.479452,False,Windowsdouble_glas_Wallsl_insulation_Roofh_r_insulation_InfiltrationNogap_s+vA.png
acht_w_foil,l_insulation,h_r_insulation,No gap_s + vA,False,False,134.749046,3.746472,48.253256,219.938684,50163.550521,910.829939,LT-ready,2774.860337,Almost LT-ready,6.164384,False,6.40411,False,Windowsacht_w_foil_Wallsl_insulation_Roofh_r_insulation_InfiltrationNogap_s+vA.png
HR++,l_insulation,h_r_insulation,No gap_s + vA,False,False,121.323111,3.774194,48.280977,206.54047,46431.479148,826.385583,LT-ready,2632.030972,Almost LT-ready,4.13242,False,7.237443,False,WindowsHR++_Wallsl_insulation_Roofh_r_insulation_InfiltrationNogap_s+vA.png
triple_glas,l_insulation,h_r_insulation,No gap_s + vA,False,False,112.716973,3.838928,48.345712,197.999067,44041.546724,773.105164,LT-ready,2543.460996,Almost LT-ready,3.116438,False,7.93379,False,Windowstriple_glas_Wallsl_insulation_Roofh_r_insulation_InfiltrationNogap_s+vA.png
double_glas,m_insulation,h_r_insulation,No gap_s + vA,False,False,146.77903,3.570538,48.077321,231.792733,53500.000101,964.619432,LT-ready,2923.723217,Almost LT-ready,5.559361,False,5.468037,False,Windowsdouble_glas_Wallsm_insulation_Roofh_r_insulation_InfiltrationNogap_s+vA.png
acht_w_foil,m_insulation,h_r_insulation,No gap_s + vA,False,False,128.84415,3.668641,48.175425,213.955957,48517.620618,858.61863,LT-ready,2739.250886,Almost LT-ready,3.299087,False,6.621005,False,Windowsacht_w_foil_Wallsm_insulation_Roofh_r_insulation_InfiltrationNogap_s+vA.png
HR++,m_insulation,h_r_insulation,No gap_s + vA,False,False,115.222973,3.698097,48.204881,200.364236,44731.343732,773.203819,LT-ready,2595.407466,Almost LT-ready,1.849315,False,7.522831,False,WindowsHR++_Wallsm_insulation_Roofh_r_insulation_InfiltrationNogap_s+vA.png
triple_glas,m_insulation,h_r_insulation,No gap_s + vA,False,False,107.364086,3.763969,48.270753,192.571221,42549.262729,719.285523,LT-ready,2506.080054,Almost LT-ready,0.913242,True,8.493151,False,Windowstriple_glas_Wallsm_insulation_Roofh_r_insulation_InfiltrationNogap_s+vA.png
double_glas,h_insulation,h_r_insulation,No gap_s + vA,False,False,143.692345,3.529068,48.035851,228.664578,52639.578545,937.510713,LT-ready,2905.369037,Almost LT-ready,3.984018,False,5.605023,False,Windowsdouble_glas_Wallsh_insulation_Roofh_r_insulation_InfiltrationNogap_s+vA.png
acht_w_foil,h_insulation,h_r_insulation,No gap_s + vA,False,False,125.780991,3.623796,48.13058,210.847953,47663.571763,830.882545,LT-ready,2720.27975,Almost LT-ready,2.089041,False,6.73516,False,Windowsacht_w_foil_Wallsh_insulation_Roofh_r_insulation_InfiltrationNogap_s+vA.png
HR++,h_insulation,h_r_insulation,No gap_s + vA,False,False,112.231498,3.65609,48.162873,197.330753,43897.37102,744.941227,LT-ready,2575.841607,Almost LT-ready,0.799087,True,7.716895,False,WindowsHR++_Wallsh_insulation_Roofh_r_insulation_InfiltrationNogap_s+vA.png
triple_glas,h_insulation,h_r_insulation,No gap_s + vA,False,False,103.8165,3.722887,48.22967,188.982552,41560.693981,690.677152,LT-ready,2486.057625,Almost LT-ready,0.216895,True,9.086758,False,Windowstriple_glas_Wallsh_insulation_Roofh_r_insulation_InfiltrationNogap_s+vA.png
double_glas,non_insulated_w,non_insulated_r,min gap_s + vC1,False,False,241.077821,5.269754,49.776537,327.79074,79807.73048,1360.464341,LT-ready,4649.342536,Not LT-ready,45.43379,False,6.586758,False,Windowsdouble_glas_Wallsnon_insulated_w_Roofnon_insulated_r_Infiltrationmingap_s+vC1.png
acht_w_foil,non_insulated_w,non_insulated_r,min gap_s + vC1,False,False,225.449936,5.366942,49.873726,312.260044,75466.830557,1266.366114,LT-ready,4498.283715,Not LT-ready,42.671233,False,6.929224,False,Windowsacht_w_foil_Wallsnon_insulated_w_Roofnon_insulated_r_Infiltrationmingap_s+vC1.png
HR++,non_insulated_w,non_insulated_r,min gap_s + vC1,False,False,213.768415,5.39292,49.899703,300.6045,72219.755517,1190.939137,LT-ready,4381.580229,Not LT-ready,40.639269,False,7.248858,False,WindowsHR++_Wallsnon_insulated_w_Roofnon_insulated_r_Infiltrationmingap_s+vC1.png
triple_glas,non_insulated_w,non_insulated_r,min gap_s + vC1,False,False,205.871131,5.445592,49.952376,292.759889,70026.33476,1143.574691,LT-ready,4309.816301,Not LT-ready,38.949772,False,7.671233,False,Windowstriple_glas_Wallsnon_insulated_w_Roofnon_insulated_r_Infiltrationmingap_s+vC1.png
double_glas,cavity_w_insulation,non_insulated_r,min gap_s + vC1,False,False,194.940943,4.583197,49.08998,280.967305,66943.607089,943.433482,LT-ready,4407.901678,Not LT-ready,6.849315,False,6.278539,False,Windowsdouble_glas_Wallscavity_w_insulation_Roofnon_insulated_r_Infiltrationmingap_s+vC1.png
acht_w_foil,cavity_w_insulation,non_insulated_r,min gap_s + vC1,False,False,178.695862,4.667221,49.174004,264.806248,62430.417617,841.198628,LT-ready,4251.736228,Not LT-ready,4.212329,False,7.534247,False,Windowsacht_w_foil_Wallscavity_w_insulation_Roofnon_insulated_r_Infiltrationmingap_s+vC1.png
HR++,cavity_w_insulation,non_insulated_r,min gap_s + vC1,False,False,165.869071,4.709725,49.216508,252.021961,58865.697119,759.025898,LT-ready,4130.617955,Not LT-ready,2.762557,False,8.378995,False,WindowsHR++_Wallscavity_w_insulation_Roofnon_insulated_r_Infiltrationmingap_s+vC1.png
triple_glas,cavity_w_insulation,non_insulated_r,min gap_s + vC1,False,False,157.972672,4.764766,49.27155,244.180604,56672.641347,707.290143,LT-ready,4055.833762,Not LT-ready,1.780822,False,9.212329,False,Windowstriple_glas_Wallscavity_w_insulation_Roofnon_insulated_r_Infiltrationmingap_s+vC1.png
double_glas,l_insulation,non_insulated_r,min gap_s + vC1,False,False,192.196549,4.536207,49.042991,278.175922,66178.0923,918.105969,LT-ready,4393.41247,Not LT-ready,5.022831,False,6.438356,False,Windowsdouble_glas_Wallsl_insulation_Roofnon_insulated_r_Infiltrationmingap_s+vC1.png
acht_w_foil,l_insulation,non_insulated_r,min gap_s + vC1,False,False,175.805857,4.628584,49.135368,261.877607,61624.830741,815.32925,LT-ready,4236.873301,Not LT-ready,3.059361,False,7.648402,False,Windowsacht_w_foil_Wallsl_insulation_Roofnon_insulated_r_Infiltrationmingap_s+vC1.png
HR++,l_insulation,non_insulated_r,min gap_s + vC1,False,False,162.909794,4.66165,49.168434,249.01461,58040.37356,732.696246,LT-ready,4115.409831,Not LT-ready,1.552511,False,8.561644,False,WindowsHR++_Wallsl_insulation_Roofnon_insulated_r_Infiltrationmingap_s+vC1.png
triple_glas,l_insulation,non_insulated_r,min gap_s + vC1,False,False,154.942667,4.727655,49.234439,241.113488,55828.200026,680.655915,LT-ready,4040.376544,Not LT-ready,0.821918,True,9.46347,False,Windowstriple_glas_Wallsl_insulation_Roofnon_insulated_r_Infiltrationmingap_s+vC1.png
double_glas,m_insulation,non_insulated_r,min gap_s + vC1,False,False,186.581884,4.458581,48.965365,272.483631,64612.879657,867.356919,LT-ready,4364.397286,Not LT-ready,2.511416,False,6.52968,False,Windowsdouble_glas_Wallsm_insulation_Roofnon_insulated_r_Infiltrationmingap_s+vC1.png
acht_w_foil,m_insulation,non_insulated_r,min gap_s + vC1,False,False,169.789815,4.550756,49.05754,255.783737,59947.993687,763.457167,LT-ready,4207.05574,Not LT-ready,0.844749,True,7.910959,False,Windowsacht_w_foil_Wallsm_insulation_Roofnon_insulated_r_Infiltrationmingap_s+vC1.png
HR++,m_insulation,non_insulated_r,min gap_s + vC1,False,False,157.179424,4.589001,49.095785,243.211591,56443.235622,679.869917,LT-ready,4084.845189,Not LT-ready,0.114155,True,9.189498,False,WindowsHR++_Wallsm_insulation_Roofnon_insulated_r_Infiltrationmingap_s+vC1.png
triple_glas,m_insulation,non_insulated_r,min gap_s + vC1,False,False,149.429827,4.653197,49.15998,235.526189,54291.461649,627.19559,LT-ready,4009.262183,Not LT-ready,0,True,10.673516,False,Windowstriple_glas_Wallsm_insulation_Roofnon_insulated_r_Infiltrationmingap_s+vC1.png
double_glas,h_insulation,non_insulated_r,min gap_s + vC1,False,False,183.633029,4.427295,48.934079,269.50349,63791.29672,840.417352,LT-ready,4348.991772,Not LT-ready,1.061644,True,6.689498,False,Windowsdouble_glas_Wallsh_insulation_Roofnon_insulated_r_Infiltrationmingap_s+vC1.png
acht_w_foil,h_insulation,non_insulated_r,min gap_s + vC1,False,False,166.78588,4.514299,49.021082,252.743344,59110.83464,735.901764,LT-ready,4191.193007,Not LT-ready,0.194064,True,8.173516,False,Windowsacht_w_foil_Wallsh_insulation_Roofnon_insulated_r_Infiltrationmingap_s+vC1.png
HR++,h_insulation,non_insulated_r,min gap_s + vC1,False,False,153.981835,4.550047,49.056831,239.975048,55552.100321,651.79019,LT-ready,4068.548311,Not LT-ready,0,True,9.748858,False,WindowsHR++_Wallsh_insulation_Roofnon_insulated_r_Infiltrationmingap_s+vC1.png
triple_glas,h_insulation,non_insulated_r,min gap_s + vC1,False,False,146.413784,4.61013,49.116913,232.467079,53450.603963,598.763384,LT-ready,3992.637327,Not LT-ready,0,True,11.267123,False,Windowstriple_glas_Wallsh_insulation_Roofnon_insulated_r_Infiltrationmingap_s+vC1.png
double_glas,non_insulated_w,l_r_insulation,min gap_s + vC1,False,False,208.073817,4.624217,49.131,294.141199,70597.634226,1326.636722,LT-ready,3281.429007,Almost LT-ready,45.136986,False,6.586758,False,Windowsdouble_glas_Wallsnon_insulated_w_Roofl_r_insulation_Infiltrationmingap_s+vC1.png
acht_w_foil,non_insulated_w,l_r_insulation,min gap_s + vC1,False,False,191.796464,4.7053,49.212084,277.94493,66075.323067,1231.430829,LT-ready,3113.79887,Almost LT-ready,42.237443,False,6.940639,False,Windowsacht_w_foil_Wallsnon_insulated_w_Roofl_r_insulation_Infiltrationmingap_s+vC1.png
HR++,non_insulated_w,l_r_insulation,min gap_s + vC1,False,False,179.410489,4.741547,49.24833,265.595201,62632.869925,1155.062754,LT-ready,2984.020695,Almost LT-ready,40.10274,False,7.488584,False,WindowsHR++_Wallsnon_insulated_w_Roofl_r_insulation_Infiltrationmingap_s+vC1.png
triple_glas,non_insulated_w,l_r_insulation,min gap_s + vC1,False,False,171.347743,4.799256,49.30604,257.590165,60393.690537,1107.070553,LT-ready,2904.03101,Almost LT-ready,38.504566,False,7.910959,False,Windowstriple_glas_Wallsnon_insulated_w_Roofl_r_insulation_Infiltrationmingap_s+vC1.png
double_glas,cavity_w_insulation,l_r_insulation,min gap_s + vC1,False,False,160.738674,3.929804,48.436587,246.111643,57399.904974,906.594229,LT-ready,3009.739262,Almost LT-ready,6.244292,False,6.461187,False,Windowsdouble_glas_Wallscavity_w_insulation_Roofl_r_insulation_Infiltrationmingap_s+vC1.png
acht_w_foil,cavity_w_insulation,l_r_insulation,min gap_s + vC1,False,False,143.76101,4.013194,48.519978,229.21737,52682.968227,803.099603,LT-ready,2835.835006,Almost LT-ready,3.847032,False,7.671233,False,Windowsacht_w_foil_Wallscavity_w_insulation_Roofl_r_insulation_Infiltrationmingap_s+vC1.png
HR++,cavity_w_insulation,l_r_insulation,min gap_s + vC1,False,False,130.383756,4.052073,48.558856,215.878994,48964.993892,719.853682,LT-ready,2700.599102,Almost LT-ready,2.363014,False,8.584475,False,WindowsHR++_Wallscavity_w_insulation_Roofl_r_insulation_Infiltrationmingap_s+vC1.png
triple_glas,cavity_w_insulation,l_r_insulation,min gap_s + vC1,False,False,122.536739,4.110994,48.617778,208.090899,46785.864902,667.40554,LT-ready,2616.860522,Almost LT-ready,1.392694,True,9.497717,False,Windowstriple_glas_Wallscavity_w_insulation_Roofl_r_insulation_Infiltrationmingap_s+vC1.png
double_glas,l_insulation,l_r_insulation,min gap_s + vC1,False,False,157.929771,3.888158,48.394942,243.261095,56616.71981,881.088243,LT-ready,2993.381988,Almost LT-ready,4.531963,False,6.621005,False,Windowsdouble_glas_Wallsl_insulation_Roofl_r_insulation_Infiltrationmingap_s+vC1.png
acht_w_foil,l_insulation,l_r_insulation,min gap_s + vC1,False,False,140.667714,3.974581,48.481364,226.08546,51820.85162,777.036661,LT-ready,2819.008396,Almost LT-ready,2.716895,False,7.773973,False,Windowsacht_w_foil_Wallsl_insulation_Roofl_r_insulation_Infiltrationmingap_s+vC1.png
HR++,l_insulation,l_r_insulation,min gap_s + vC1,False,False,127.369879,4.009344,48.516127,212.822388,48124.755486,693.323956,LT-ready,2683.340353,Almost LT-ready,1.152968,True,8.744292,False,WindowsHR++_Wallsl_insulation_Roofl_r_insulation_Infiltrationmingap_s+vC1.png
triple_glas,l_insulation,l_r_insulation,min gap_s + vC1,False,False,119.298237,4.073596,48.580379,204.814998,45883.430616,640.570241,LT-ready,2599.286957,Almost LT-ready,0.582192,True,9.977169,False,Windowstriple_glas_Wallsl_insulation_Roofl_r_insulation_Infiltrationmingap_s+vC1.png
double_glas,m_insulation,l_r_insulation,min gap_s + vC1,False,False,152.162884,3.807302,48.314085,237.413351,55009.015372,829.969517,LT-ready,2960.589573,Almost LT-ready,2.054795,False,6.723744,False,Windowsdouble_glas_Wallsm_insulation_Roofl_r_insulation_Infiltrationmingap_s+vC1.png
acht_w_foil,m_insulation,l_r_insulation,min gap_s + vC1,False,False,134.674964,3.9033,48.410084,220.02143,50150.820173,724.776598,LT-ready,2785.216589,Almost LT-ready,0.616438,True,8.127854,False,Windowsacht_w_foil_Wallsm_insulation_Roofl_r_insulation_Infiltrationmingap_s+vC1.png
HR++,m_insulation,l_r_insulation,min gap_s + vC1,False,False,121.563783,3.936463,48.443247,206.943412,46506.54819,640.106438,LT-ready,2648.609707,Almost LT-ready,0,True,9.646119,False,WindowsHR++_Wallsm_insulation_Roofl_r_insulation_Infiltrationmingap_s+vC1.png
triple_glas,m_insulation,l_r_insulation,min gap_s + vC1,False,False,113.335988,3.994092,48.500876,198.773246,44221.468175,586.722706,LT-ready,2563.855391,Almost LT-ready,0,True,11.187215,False,Windowstriple_glas_Wallsm_insulation_Roofl_r_insulation_Infiltrationmingap_s+vC1.png
double_glas,h_insulation,l_r_insulation,min gap_s + vC1,False,False,149.010618,3.766458,48.273242,234.220242,54130.388621,802.83223,LT-ready,2943.161985,Almost LT-ready,0.913242,True,6.8379,False,Windowsdouble_glas_Wallsh_insulation_Roofl_r_insulation_Infiltrationmingap_s+vC1.png
acht_w_foil,h_insulation,l_r_insulation,min gap_s + vC1,False,False,131.657532,3.861196,48.367979,216.961893,49309.624513,697.019603,LT-ready,2767.219164,Almost LT-ready,0.068493,True,8.527397,False,Windowsacht_w_foil_Wallsh_insulation_Roofl_r_insulation_Infiltrationmingap_s+vC1.png
HR++,h_insulation,l_r_insulation,min gap_s + vC1,False,False,118.370329,3.896553,48.403336,203.710047,45616.514718,611.827601,LT-ready,2630.062446,Almost LT-ready,0,True,10.182648,False,WindowsHR++_Wallsh_insulation_Roofl_r_insulation_Infiltrationmingap_s+vC1.png
triple_glas,h_insulation,l_r_insulation,min gap_s + vC1,False,False,110.184277,3.957501,48.464284,195.584943,43343.20909,558.09836,LT-ready,2544.884575,Almost LT-ready,0,True,11.826484,False,Windowstriple_glas_Wallsh_insulation_Roofl_r_insulation_Infiltrationmingap_s+vC1.png
double_glas,non_insulated_w,m_r_insulation,min gap_s + vC1,False,False,197.692034,4.440676,48.947459,283.575875,67701.473798,1314.512661,LT-ready,2863.354005,Almost LT-ready,44.954338,False,6.655251,False,Windowsdouble_glas_Wallsnon_insulated_w_Roofm_r_insulation_Infiltrationmingap_s+vC1.png
acht_w_foil,non_insulated_w,m_r_insulation,min gap_s + vC1,False,False,181.202877,4.520101,49.026884,267.166143,63120.181267,1218.791989,LT-ready,2689.987287,Almost LT-ready,42.157534,False,6.997717,False,Windowsacht_w_foil_Wallsnon_insulated_w_Roofm_r_insulation_Infiltrationmingap_s+vC1.png
HR++,non_insulated_w,m_r_insulation,min gap_s + vC1,False,False,168.716982,4.556262,49.063045,254.716409,59649.938266,1141.970373,LT-ready,2555.664583,Almost LT-ready,39.931507,False,7.39726,False,WindowsHR++_Wallsnon_insulated_w_Roofm_r_insulation_Infiltrationmingap_s+vC1.png
triple_glas,non_insulated_w,m_r_insulation,min gap_s + vC1,False,False,160.556903,4.607434,49.114217,246.607502,57383.364569,1093.665201,LT-ready,2472.811464,Almost LT-ready,38.299087,False,7.956621,False,Windowstriple_glas_Wallsnon_insulated_w_Roofm_r_insulation_Infiltrationmingap_s+vC1.png
double_glas,cavity_w_insulation,m_r_insulation,min gap_s + vC1,False,False,150.07561,3.746044,48.252827,235.264819,54425.515386,893.123842,LT-ready,2581.216135,Almost LT-ready,6.061644,False,6.575342,False,Windowsdouble_glas_Wallscavity_w_insulation_Roofm_r_insulation_Infiltrationmingap_s+vC1.png
acht_w_foil,cavity_w_insulation,m_r_insulation,min gap_s + vC1,False,False,132.772491,3.832971,48.339754,218.048627,49618.254084,788.996908,LT-ready,2401.120955,LT-ready,3.721461,False,7.739726,False,Windowsacht_w_foil_Wallscavity_w_insulation_Roofm_r_insulation_Infiltrationmingap_s+vC1.png
HR++,cavity_w_insulation,m_r_insulation,min gap_s + vC1,False,False,119.481366,3.865622,48.372405,204.790153,45923.917868,705.188073,LT-ready,2260.942105,LT-ready,2.226027,False,8.59589,False,WindowsHR++_Wallscavity_w_insulation_Roofm_r_insulation_Infiltrationmingap_s+vC1.png
triple_glas,cavity_w_insulation,m_r_insulation,min gap_s + vC1,False,False,111.3048,3.929569,48.436352,196.677534,43653.400593,652.348302,LT-ready,2174.066531,LT-ready,1.164384,True,9.634703,False,Windowstriple_glas_Wallscavity_w_insulation_Roofm_r_insulation_Infiltrationmingap_s+vC1.png
double_glas,l_insulation,m_r_insulation,min gap_s + vC1,False,False,147.180103,3.703065,48.209848,232.326333,53618.180574,867.529863,LT-ready,2564.209876,Almost LT-ready,4.383562,False,6.678082,False,Windowsdouble_glas_Wallsl_insulation_Roofm_r_insulation_Infiltrationmingap_s+vC1.png
acht_w_foil,l_insulation,m_r_insulation,min gap_s + vC1,False,False,129.86676,3.797641,48.304425,215.107567,48808.460107,762.837467,LT-ready,2383.608923,LT-ready,2.545662,False,7.842466,False,Windowsacht_w_foil_Wallsl_insulation_Roofm_r_insulation_Infiltrationmingap_s+vC1.png
HR++,l_insulation,m_r_insulation,min gap_s + vC1,False,False,116.284547,3.826915,48.333699,201.554628,45033.009133,678.555521,LT-ready,2242.964833,LT-ready,1.073059,True,8.938356,False,WindowsHR++_Wallsl_insulation_Roofm_r_insulation_Infiltrationmingap_s+vC1.png
triple_glas,l_insulation,m_r_insulation,min gap_s + vC1,False,False,107.988775,3.884123,48.390907,193.316064,42729.005055,625.406266,LT-ready,2155.749232,LT-ready,0.502283,True,10.10274,False,Windowstriple_glas_Wallsl_insulation_Roofm_r_insulation_Infiltrationmingap_s+vC1.png
double_glas,m_insulation,m_r_insulation,min gap_s + vC1,False,False,141.419223,3.627365,48.134149,226.489754,52012.405403,816.231008,LT-ready,2530.103596,Almost LT-ready,1.917808,False,6.792237,False,Windowsdouble_glas_Wallsm_insulation_Roofm_r_insulation_Infiltrationmingap_s+vC1.png
acht_w_foil,m_insulation,m_r_insulation,min gap_s + vC1,False,False,123.708125,3.715207,48.22199,208.866497,47091.739822,710.382859,LT-ready,2348.428031,LT-ready,0.53653,True,8.230594,False,Windowsacht_w_foil_Wallsm_insulation_Roofm_r_insulation_Infiltrationmingap_s+vC1.png
HR++,m_insulation,m_r_insulation,min gap_s + vC1,False,False,110.336724,3.753476,48.260259,195.533365,43375.362517,625.132751,LT-ready,2206.771022,LT-ready,0,True,9.714612,False,WindowsHR++_Wallsm_insulation_Roofm_r_insulation_Infiltrationmingap_s+vC1.png
triple_glas,m_insulation,m_r_insulation,min gap_s + vC1,False,False,102.450848,3.809993,48.316776,187.704006,41185.306986,571.347738,LT-ready,2118.794469,LT-ready,0,True,11.267123,False,Windowstriple_glas_Wallsm_insulation_Roofm_r_insulation_Infiltrationmingap_s+vC1.png
double_glas,h_insulation,m_r_insulation,min gap_s + vC1,False,False,138.275381,3.586833,48.093617,223.30538,51136.136792,788.997428,LT-ready,2511.972246,Almost LT-ready,0.833333,True,6.872146,False,Windowsdouble_glas_Wallsh_insulation_Roofm_r_insulation_Infiltrationmingap_s+vC1.png
acht_w_foil,h_insulation,m_r_insulation,min gap_s + vC1,False,False,120.672476,3.678603,48.185386,205.794244,46245.754469,682.522849,LT-ready,2329.683172,LT-ready,0.034247,True,8.652968,False,Windowsacht_w_foil_Wallsh_insulation_Roofm_r_insulation_Infiltrationmingap_s+vC1.png
HR++,h_insulation,m_r_insulation,min gap_s + vC1,False,False,107.461044,3.712527,48.21931,192.616736,42573.643039,596.74678,LT-ready,2187.430636,LT-ready,0,True,10.319635,False,WindowsHR++_Wallsh_insulation_Roofm_r_insulation_Infiltrationmingap_s+vC1.png
triple_glas,h_insulation,m_r_insulation,min gap_s + vC1,False,False,99.276301,3.779699,48.286483,184.499166,40301.013811,542.615731,LT-ready,2098.991418,LT-ready,0,True,12.123288,False,Windowstriple_glas_Wallsh_insulation_Roofm_r_insulation_Infiltrationmingap_s+vC1.png
double_glas,non_insulated_w,h_r_insulation,min gap_s + vC1,False,False,192.967487,4.358455,48.865238,278.769107,66383.553149,1308.512857,LT-ready,2672.264599,Almost LT-ready,44.920091,False,6.63242,False,Windowsdouble_glas_Wallsnon_insulated_w_Roofh_r_insulation_Infiltrationmingap_s+vC1.png
acht_w_foil,non_insulated_w,h_r_insulation,min gap_s + vC1,False,False,176.375424,4.435069,48.941853,262.253659,61773.503665,1212.495388,LT-ready,2496.144665,Almost LT-ready,42.043379,False,7.043379,False,Windowsacht_w_foil_Wallsnon_insulated_w_Roofh_r_insulation_Infiltrationmingap_s+vC1.png
HR++,non_insulated_w,h_r_insulation,min gap_s + vC1,False,False,163.740962,4.470098,48.976881,249.654225,58261.890532,1135.405511,LT-ready,2359.643016,LT-ready,39.863014,False,7.408676,False,WindowsHR++_Wallsnon_insulated_w_Roofh_r_insulation_Infiltrationmingap_s+vC1.png
triple_glas,non_insulated_w,h_r_insulation,min gap_s + vC1,False,False,155.591972,4.523553,49.030336,241.55869,55998.515017,1086.91077,LT-ready,2275.42068,LT-ready,38.196347,False,7.956621,False,Windowstriple_glas_Wallsnon_insulated_w_Roofh_r_insulation_Infiltrationmingap_s+vC1.png
double_glas,cavity_w_insulation,h_r_insulation,min gap_s + vC1,False,False,145.110393,3.659698,48.166481,230.213256,53040.4626,886.356088,LT-ready,2385.138355,LT-ready,5.901826,False,6.621005,False,Windowsdouble_glas_Wallscavity_w_insulation_Roofh_r_insulation_Infiltrationmingap_s+vC1.png
acht_w_foil,cavity_w_insulation,h_r_insulation,min gap_s + vC1,False,False,127.732943,3.750016,48.2568,212.926125,48212.701676,781.84135,LT-ready,2202.075669,LT-ready,3.687215,False,7.705479,False,Windowsacht_w_foil_Wallscavity_w_insulation_Roofh_r_insulation_Infiltrationmingap_s+vC1.png
HR++,cavity_w_insulation,h_r_insulation,min gap_s + vC1,False,False,114.171614,3.77893,48.285714,199.39371,44443.040026,697.673804,LT-ready,2059.542515,LT-ready,2.16895,False,8.721461,False,WindowsHR++_Wallscavity_w_insulation_Roofh_r_insulation_Infiltrationmingap_s+vC1.png
triple_glas,cavity_w_insulation,h_r_insulation,min gap_s + vC1,False,False,106.18917,3.846689,48.353472,191.479024,42226.695138,644.574159,LT-ready,1971.185546,LT-ready,1.152968,True,9.771689,False,Windowstriple_glas_Wallscavity_w_insulation_Roofh_r_insulation_Infiltrationmingap_s+vC1.png
double_glas,l_insulation,h_r_insulation,min gap_s + vC1,False,False,142.231386,3.624444,48.131227,227.298995,52238.103753,860.708763,LT-ready,2367.820756,LT-ready,4.280822,False,6.73516,False,Windowsdouble_glas_Wallsl_insulation_Roofh_r_insulation_Infiltrationmingap_s+vC1.png
acht_w_foil,l_insulation,h_r_insulation,min gap_s + vC1,False,False,124.817485,3.718593,48.225376,209.979243,47400.398798,755.622359,LT-ready,2184.238412,LT-ready,2.511416,False,7.899543,False,Windowsacht_w_foil_Wallsl_insulation_Roofh_r_insulation_Infiltrationmingap_s+vC1.png
HR++,l_insulation,h_r_insulation,min gap_s + vC1,False,False,111.206142,3.743819,48.250602,196.393126,43616.644257,670.975078,LT-ready,2041.226241,LT-ready,0.993151,True,8.949772,False,WindowsHR++_Wallsl_insulation_Roofh_r_insulation_Infiltrationmingap_s+vC1.png
triple_glas,l_insulation,h_r_insulation,min gap_s + vC1,False,False,103.068844,3.804329,48.311112,188.316338,41356.874082,617.561042,LT-ready,1952.519762,LT-ready,0.445205,True,10.171233,False,Windowstriple_glas_Wallsl_insulation_Roofh_r_insulation_Infiltrationmingap_s+vC1.png
double_glas,m_insulation,h_r_insulation,min gap_s + vC1,False,False,136.442245,3.545103,48.051886,221.430513,50624.287037,809.301797,LT-ready,2333.089871,LT-ready,1.883562,False,6.73516,False,Windowsdouble_glas_Wallsm_insulation_Roofh_r_insulation_Infiltrationmingap_s+vC1.png
acht_w_foil,m_insulation,h_r_insulation,min gap_s + vC1,False,False,118.61106,3.636564,48.143348,203.69079,45670.409571,703.046049,LT-ready,2148.399776,LT-ready,0.525114,True,8.26484,False,Windowsacht_w_foil_Wallsm_insulation_Roofh_r_insulation_Infiltrationmingap_s+vC1.png
HR++,m_insulation,h_r_insulation,min gap_s + vC1,False,False,105.20758,3.671886,48.178669,190.322631,41944.963848,617.41764,LT-ready,2004.343997,LT-ready,0,True,9.737443,False,WindowsHR++_Wallsm_insulation_Roofh_r_insulation_Infiltrationmingap_s+vC1.png
triple_glas,m_insulation,h_r_insulation,min gap_s + vC1,False,False,97.305586,3.728201,48.234984,182.476952,39750.416111,563.357776,LT-ready,1914.851041,LT-ready,0,True,11.415525,False,Windowstriple_glas_Wallsm_insulation_Roofh_r_insulation_Infiltrationmingap_s+vC1.png
double_glas,h_insulation,h_r_insulation,min gap_s + vC1,False,False,133.310058,3.507293,48.014076,218.260516,49751.396031,782.009592,LT-ready,2314.624269,LT-ready,0.76484,True,6.952055,False,Windowsdouble_glas_Wallsh_insulation_Roofh_r_insulation_Infiltrationmingap_s+vC1.png
acht_w_foil,h_insulation,h_r_insulation,min gap_s + vC1,False,False,115.620015,3.598865,48.105649,200.662046,44836.772677,675.120386,LT-ready,2129.301824,LT-ready,0.022831,True,8.641553,False,Windowsacht_w_foil_Wallsh_insulation_Roofh_r_insulation_Infiltrationmingap_s+vC1.png
HR++,h_insulation,h_r_insulation,min gap_s + vC1,False,False,102.005108,3.629311,48.136094,187.077584,41052.288974,588.959066,LT-ready,1984.629895,LT-ready,0,True,10.399543,False,WindowsHR++_Wallsh_insulation_Roofh_r_insulation_Infiltrationmingap_s+vC1.png
triple_glas,h_insulation,h_r_insulation,min gap_s + vC1,False,False,94.150347,3.691894,48.198678,179.285407,38871.190318,534.549206,LT-ready,1894.658695,LT-ready,0,True,12.363014,False,Windowstriple_glas_Wallsh_insulation_Roofh_r_insulation_Infiltrationmingap_s+vC1.png
double_glas,non_insulated_w,non_insulated_r,min gap_s + vC2,False,False,235.872013,5.198768,49.705552,322.513947,78356.54541,1360.464341,LT-ready,4649.342536,Not LT-ready,45.239726,False,6.621005,False,Windowsdouble_glas_Wallsnon_insulated_w_Roofnon_insulated_r_Infiltrationmingap_s+vC2.png
acht_w_foil,non_insulated_w,non_insulated_r,min gap_s + vC2,False,False,220.415263,5.287263,49.794046,307.145691,74062.798083,1266.366114,LT-ready,4498.283715,Not LT-ready,42.374429,False,7.020548,False,Windowsacht_w_foil_Wallsnon_insulated_w_Roofnon_insulated_r_Infiltrationmingap_s+vC2.png
HR++,non_insulated_w,non_insulated_r,min gap_s + vC2,False,False,208.856065,5.307929,49.814712,295.607159,70849.471901,1190.939137,LT-ready,4381.580229,Not LT-ready,40.388128,False,7.340183,False,WindowsHR++_Wallsnon_insulated_w_Roofnon_insulated_r_Infiltrationmingap_s+vC2.png
triple_glas,non_insulated_w,non_insulated_r,min gap_s + vC2,False,False,201.136662,5.375796,49.88258,287.955624,68706.278553,1143.574691,LT-ready,4309.816301,Not LT-ready,38.687215,False,7.762557,False,Windowstriple_glas_Wallsnon_insulated_w_Roofnon_insulated_r_Infiltrationmingap_s+vC2.png
double_glas,cavity_w_insulation,non_insulated_r,min gap_s + vC2,False,False,189.822806,4.509493,49.016277,275.775465,65516.665029,943.433482,LT-ready,4407.901678,Not LT-ready,6.792237,False,6.324201,False,Windowsdouble_glas_Wallscavity_w_insulation_Roofnon_insulated_r_Infiltrationmingap_s+vC2.png
acht_w_foil,cavity_w_insulation,non_insulated_r,min gap_s + vC2,False,False,173.778244,4.601428,49.108211,259.822837,61059.632516,841.198628,LT-ready,4251.736228,Not LT-ready,4.189498,False,7.522831,False,Windowsacht_w_foil_Wallscavity_w_insulation_Roofnon_insulated_r_Infiltrationmingap_s+vC2.png
HR++,cavity_w_insulation,non_insulated_r,min gap_s + vC2,False,False,161.218813,4.643149,49.149933,247.305128,57569.219815,759.025898,LT-ready,4130.617955,Not LT-ready,2.728311,False,8.504566,False,WindowsHR++_Wallscavity_w_insulation_Roofnon_insulated_r_Infiltrationmingap_s+vC2.png
triple_glas,cavity_w_insulation,non_insulated_r,min gap_s + vC2,False,False,153.243098,4.695389,49.202173,239.381653,55353.967361,707.290143,LT-ready,4055.833762,Not LT-ready,1.769406,False,9.315068,False,Windowstriple_glas_Wallscavity_w_insulation_Roofnon_insulated_r_Infiltrationmingap_s+vC2.png
double_glas,l_insulation,non_insulated_r,min gap_s + vC2,False,False,187.036869,4.464592,48.971376,272.944627,64739.702814,918.105969,LT-ready,4393.41247,Not LT-ready,4.965753,False,6.426941,False,Windowsdouble_glas_Wallsl_insulation_Roofnon_insulated_r_Infiltrationmingap_s+vC2.png
acht_w_foil,l_insulation,non_insulated_r,min gap_s + vC2,False,False,170.957549,4.561433,49.068217,256.962148,60273.251104,815.32925,LT-ready,4236.873301,Not LT-ready,3.059361,False,7.773973,False,Windowsacht_w_foil_Wallsl_insulation_Roofnon_insulated_r_Infiltrationmingap_s+vC2.png
HR++,l_insulation,non_insulated_r,min gap_s + vC2,False,False,158.188754,4.5938,49.100583,244.225719,56724.149276,732.696246,LT-ready,4115.409831,Not LT-ready,1.552511,False,8.687215,False,WindowsHR++_Wallsl_insulation_Roofnon_insulated_r_Infiltrationmingap_s+vC2.png
triple_glas,l_insulation,non_insulated_r,min gap_s + vC2,False,False,150.422263,4.655871,49.162654,236.521299,54567.570856,680.655915,LT-ready,4040.376544,Not LT-ready,0.810502,True,9.748858,False,Windowstriple_glas_Wallsl_insulation_Roofnon_insulated_r_Infiltrationmingap_s+vC2.png
double_glas,m_insulation,non_insulated_r,min gap_s + vC2,False,False,181.418025,4.390896,48.897679,267.252086,63173.525254,867.356919,LT-ready,4364.397286,Not LT-ready,2.488584,False,6.63242,False,Windowsdouble_glas_Wallsm_insulation_Roofnon_insulated_r_Infiltrationmingap_s+vC2.png
acht_w_foil,m_insulation,non_insulated_r,min gap_s + vC2,False,False,164.853264,4.489605,48.996388,250.786034,58572.176632,763.457167,LT-ready,4207.05574,Not LT-ready,0.833333,True,7.990868,False,Windowsacht_w_foil_Wallsm_insulation_Roofnon_insulated_r_Infiltrationmingap_s+vC2.png
HR++,m_insulation,non_insulated_r,min gap_s + vC2,False,False,152.514554,4.521286,49.02807,238.479006,55142.637826,679.869917,LT-ready,4084.845189,Not LT-ready,0.114155,True,9.303653,False,WindowsHR++_Wallsm_insulation_Roofnon_insulated_r_Infiltrationmingap_s+vC2.png
triple_glas,m_insulation,non_insulated_r,min gap_s + vC2,False,False,145.007932,4.593297,49.10008,231.044394,53058.822141,627.19559,LT-ready,4009.262183,Not LT-ready,0,True,11.027397,False,Windowstriple_glas_Wallsm_insulation_Roofnon_insulated_r_Infiltrationmingap_s+vC2.png
double_glas,h_insulation,non_insulated_r,min gap_s + vC2,False,False,178.489495,4.353593,48.860377,264.286254,62357.292354,840.417352,LT-ready,4348.991772,Not LT-ready,1.038813,True,6.655251,False,Windowsdouble_glas_Wallsh_insulation_Roofnon_insulated_r_Infiltrationmingap_s+vC2.png
acht_w_foil,h_insulation,non_insulated_r,min gap_s + vC2,False,False,161.953713,4.444178,48.950962,247.841057,57763.59447,735.901764,LT-ready,4191.193007,Not LT-ready,0.182648,True,8.230594,False,Windowsacht_w_foil_Wallsh_insulation_Roofnon_insulated_r_Infiltrationmingap_s+vC2.png
HR++,h_insulation,non_insulated_r,min gap_s + vC2,False,False,149.40418,4.48597,48.992753,235.333315,54275.937653,651.79019,LT-ready,4068.548311,Not LT-ready,0,True,9.954338,False,WindowsHR++_Wallsh_insulation_Roofnon_insulated_r_Infiltrationmingap_s+vC2.png
triple_glas,h_insulation,non_insulated_r,min gap_s + vC2,False,False,141.95349,4.542635,49.049418,227.93929,52206.905375,598.763384,LT-ready,3992.637327,Not LT-ready,0,True,11.655251,False,Windowstriple_glas_Wallsh_insulation_Roofnon_insulated_r_Infiltrationmingap_s+vC2.png
double_glas,non_insulated_w,l_r_insulation,min gap_s + vC2,False,False,202.785558,4.55037,49.057154,288.779094,69123.377736,1326.636722,LT-ready,3281.429007,Almost LT-ready,44.817352,False,6.655251,False,Windowsdouble_glas_Wallsnon_insulated_w_Roofl_r_insulation_Infiltrationmingap_s+vC2.png
acht_w_foil,non_insulated_w,l_r_insulation,min gap_s + vC2,False,False,186.615725,4.63627,49.143054,272.695161,64631.207253,1231.430829,LT-ready,3113.79887,Almost LT-ready,41.974886,False,7.020548,False,Windowsacht_w_foil_Wallsnon_insulated_w_Roofl_r_insulation_Infiltrationmingap_s+vC2.png
HR++,non_insulated_w,l_r_insulation,min gap_s + vC2,False,False,174.469479,4.664544,49.171328,260.577189,61255.017502,1155.062754,LT-ready,2984.020695,Almost LT-ready,39.908676,False,7.431507,False,WindowsHR++_Wallsnon_insulated_w_Roofl_r_insulation_Infiltrationmingap_s+vC2.png
triple_glas,non_insulated_w,l_r_insulation,min gap_s + vC2,False,False,166.525867,4.719424,49.226207,252.688456,59048.824634,1107.070553,LT-ready,2904.03101,Almost LT-ready,38.26484,False,7.853881,False,Windowstriple_glas_Wallsnon_insulated_w_Roofl_r_insulation_Infiltrationmingap_s+vC2.png
double_glas,cavity_w_insulation,l_r_insulation,min gap_s + vC2,False,False,155.461589,3.865335,48.372119,240.77009,55929.226359,906.594229,LT-ready,3009.739262,Almost LT-ready,6.19863,False,6.461187,False,Windowsdouble_glas_Wallscavity_w_insulation_Roofl_r_insulation_Infiltrationmingap_s+vC2.png
acht_w_foil,cavity_w_insulation,l_r_insulation,min gap_s + vC2,False,False,138.777372,3.953318,48.460102,224.173856,51294.121329,803.099603,LT-ready,2835.835006,Almost LT-ready,3.824201,False,7.705479,False,Windowsacht_w_foil_Wallscavity_w_insulation_Roofl_r_insulation_Infiltrationmingap_s+vC2.png
HR++,cavity_w_insulation,l_r_insulation,min gap_s + vC2,False,False,125.583149,3.984278,48.491061,211.010592,47626.646554,719.853682,LT-ready,2700.599102,Almost LT-ready,2.340183,False,8.789954,False,WindowsHR++_Wallscavity_w_insulation_Roofl_r_insulation_Infiltrationmingap_s+vC2.png
triple_glas,cavity_w_insulation,l_r_insulation,min gap_s + vC2,False,False,117.859468,4.047703,48.554487,203.350337,45482.04067,667.40554,LT-ready,2616.860522,Almost LT-ready,1.369863,True,9.66895,False,Windowstriple_glas_Wallscavity_w_insulation_Roofl_r_insulation_Infiltrationmingap_s+vC2.png
double_glas,l_insulation,l_r_insulation,min gap_s + vC2,False,False,152.605922,3.82479,48.331574,237.873878,55133.092338,881.088243,LT-ready,2993.381988,Almost LT-ready,4.497717,False,6.723744,False,Windowsdouble_glas_Wallsl_insulation_Roofl_r_insulation_Infiltrationmingap_s+vC2.png
acht_w_foil,l_insulation,l_r_insulation,min gap_s + vC2,False,False,135.646255,3.909286,48.41607,220.998707,50421.215622,777.036661,LT-ready,2819.008396,Almost LT-ready,2.659817,False,7.808219,False,Windowsacht_w_foil_Wallsl_insulation_Roofl_r_insulation_Infiltrationmingap_s+vC2.png
HR++,l_insulation,l_r_insulation,min gap_s + vC2,False,False,122.554841,3.944568,48.451352,207.942575,46782.546755,693.323956,LT-ready,2683.340353,Almost LT-ready,1.152968,True,8.949772,False,WindowsHR++_Wallsl_insulation_Roofl_r_insulation_Infiltrationmingap_s+vC2.png
triple_glas,l_insulation,l_r_insulation,min gap_s + vC2,False,False,114.679077,4.011894,48.518678,200.134137,44595.845591,640.570241,LT-ready,2599.286957,Almost LT-ready,0.582192,True,10.251142,False,Windowstriple_glas_Wallsl_insulation_Roofl_r_insulation_Infiltrationmingap_s+vC2.png
double_glas,m_insulation,l_r_insulation,min gap_s + vC2,False,False,146.862517,3.750057,48.25684,232.055739,53532.225014,829.969517,LT-ready,2960.589573,Almost LT-ready,2.031963,False,6.872146,False,Windowsdouble_glas_Wallsm_insulation_Roofl_r_insulation_Infiltrationmingap_s+vC2.png
acht_w_foil,m_insulation,l_r_insulation,min gap_s + vC2,False,False,129.608189,3.846734,48.353517,214.898088,48739.020729,724.776598,LT-ready,2785.216589,Almost LT-ready,0.616438,True,8.253425,False,Windowsacht_w_foil_Wallsm_insulation_Roofl_r_insulation_Infiltrationmingap_s+vC2.png
HR++,m_insulation,l_r_insulation,min gap_s + vC2,False,False,116.793255,3.876167,48.38295,202.112587,45176.941452,640.106438,LT-ready,2648.609707,Almost LT-ready,0,True,9.908676,False,WindowsHR++_Wallsm_insulation_Roofl_r_insulation_Infiltrationmingap_s+vC2.png
triple_glas,m_insulation,l_r_insulation,min gap_s + vC2,False,False,108.838185,3.929361,48.436145,194.210712,42967.477853,586.722706,LT-ready,2563.855391,Almost LT-ready,0,True,11.369863,False,Windowstriple_glas_Wallsm_insulation_Roofl_r_insulation_Infiltrationmingap_s+vC2.png
double_glas,h_insulation,l_r_insulation,min gap_s + vC2,False,False,143.763535,3.706415,48.213199,228.913116,52668.274978,802.83223,LT-ready,2943.161985,Almost LT-ready,0.901826,True,6.872146,False,Windowsdouble_glas_Wallsh_insulation_Roofl_r_insulation_Infiltrationmingap_s+vC2.png
acht_w_foil,h_insulation,l_r_insulation,min gap_s + vC2,False,False,126.616697,3.805532,48.312316,211.865395,47905.08379,697.019603,LT-ready,2767.219164,Almost LT-ready,0.068493,True,8.607306,False,Windowsacht_w_foil_Wallsh_insulation_Roofl_r_insulation_Infiltrationmingap_s+vC2.png
HR++,h_insulation,l_r_insulation,min gap_s + vC2,False,False,113.636932,3.829873,48.336656,198.90997,44296.912985,611.827601,LT-ready,2630.062446,Almost LT-ready,0,True,10.388128,False,WindowsHR++_Wallsh_insulation_Roofl_r_insulation_Infiltrationmingap_s+vC2.png
triple_glas,h_insulation,l_r_insulation,min gap_s + vC2,False,False,105.584577,3.88994,48.396723,190.917682,42060.741392,558.09836,LT-ready,2544.884575,Almost LT-ready,0,True,12.226027,False,Windowstriple_glas_Wallsh_insulation_Roofl_r_insulation_Infiltrationmingap_s+vC2.png
double_glas,non_insulated_w,m_r_insulation,min gap_s + vC2,False,False,192.370044,4.366948,48.873731,278.180157,66217.843368,1314.512661,LT-ready,2863.354005,Almost LT-ready,44.726027,False,6.700913,False,Windowsdouble_glas_Wallsnon_insulated_w_Roofm_r_insulation_Infiltrationmingap_s+vC2.png
acht_w_foil,non_insulated_w,m_r_insulation,min gap_s + vC2,False,False,175.994257,4.443722,48.950505,261.881144,61667.943547,1218.791989,LT-ready,2689.987287,Almost LT-ready,41.872146,False,7.089041,False,Windowsacht_w_foil_Wallsnon_insulated_w_Roofm_r_insulation_Infiltrationmingap_s+vC2.png
HR++,non_insulated_w,m_r_insulation,min gap_s + vC2,False,False,163.721742,4.478527,48.98531,249.643434,58256.968866,1141.970373,LT-ready,2555.664583,Almost LT-ready,39.657534,False,7.534247,False,WindowsHR++_Wallsnon_insulated_w_Roofm_r_insulation_Infiltrationmingap_s+vC2.png
triple_glas,non_insulated_w,m_r_insulation,min gap_s + vC2,False,False,155.741843,4.529463,49.036247,241.714472,56040.487542,1093.665201,LT-ready,2472.811464,Almost LT-ready,38.047945,False,7.956621,False,Windowstriple_glas_Wallsnon_insulated_w_Roofm_r_insulation_Infiltrationmingap_s+vC2.png
double_glas,cavity_w_insulation,m_r_insulation,min gap_s + vC2,False,False,144.685681,3.680157,48.186941,229.809004,52923.386131,893.123842,LT-ready,2581.216135,Almost LT-ready,5.97032,False,6.575342,False,Windowsdouble_glas_Wallscavity_w_insulation_Roofm_r_insulation_Infiltrationmingap_s+vC2.png
acht_w_foil,cavity_w_insulation,m_r_insulation,min gap_s + vC2,False,False,127.760803,3.77114,48.277924,212.975109,48221.509027,788.996908,LT-ready,2401.120955,LT-ready,3.710046,False,7.853881,False,Windowsacht_w_foil_Wallscavity_w_insulation_Roofm_r_insulation_Infiltrationmingap_s+vC2.png
HR++,cavity_w_insulation,m_r_insulation,min gap_s + vC2,False,False,114.643793,3.795846,48.30263,199.882805,44575.19172,705.188073,LT-ready,2260.942105,LT-ready,2.214612,False,8.755708,False,WindowsHR++_Wallscavity_w_insulation_Roofm_r_insulation_Infiltrationmingap_s+vC2.png
triple_glas,cavity_w_insulation,m_r_insulation,min gap_s + vC2,False,False,106.748315,3.865583,48.372367,192.057064,42383.129512,652.348302,LT-ready,2174.066531,LT-ready,1.164384,True,9.885845,False,Windowstriple_glas_Wallscavity_w_insulation_Roofm_r_insulation_Infiltrationmingap_s+vC2.png
double_glas,l_insulation,m_r_insulation,min gap_s + vC2,False,False,141.887221,3.641646,48.148429,226.972032,52143.262165,867.529863,LT-ready,2564.209876,Almost LT-ready,4.349315,False,6.723744,False,Windowsdouble_glas_Wallsl_insulation_Roofm_r_insulation_Infiltrationmingap_s+vC2.png
acht_w_foil,l_insulation,m_r_insulation,min gap_s + vC2,False,False,124.867881,3.730997,48.237781,210.042044,47415.03537,762.837467,LT-ready,2383.608923,LT-ready,2.545662,False,7.93379,False,Windowsacht_w_foil_Wallsl_insulation_Roofm_r_insulation_Infiltrationmingap_s+vC2.png
HR++,l_insulation,m_r_insulation,min gap_s + vC2,False,False,111.418696,3.762248,48.269031,196.624109,43676.675774,678.555521,LT-ready,2242.964833,LT-ready,1.073059,True,9.143836,False,WindowsHR++_Wallsl_insulation_Roofm_r_insulation_Infiltrationmingap_s+vC2.png
triple_glas,l_insulation,m_r_insulation,min gap_s + vC2,False,False,103.372816,3.823324,48.330107,188.639305,41442.355375,625.406266,LT-ready,2155.749232,LT-ready,0.502283,True,10.376712,False,Windowstriple_glas_Wallsl_insulation_Roofm_r_insulation_Infiltrationmingap_s+vC2.png
double_glas,m_insulation,m_r_insulation,min gap_s + vC2,False,False,136.083721,3.563289,48.070073,221.090176,50525.501954,816.231008,LT-ready,2530.103596,Almost LT-ready,1.906393,False,6.917808,False,Windowsdouble_glas_Wallsm_insulation_Roofm_r_insulation_Infiltrationmingap_s+vC2.png
acht_w_foil,m_insulation,m_r_insulation,min gap_s + vC2,False,False,118.652977,3.655134,48.161917,203.751276,45682.99765,710.382859,LT-ready,2348.428031,LT-ready,0.53653,True,8.413242,False,Windowsacht_w_foil_Wallsm_insulation_Roofm_r_insulation_Infiltrationmingap_s+vC2.png
HR++,m_insulation,m_r_insulation,min gap_s + vC2,False,False,105.65228,3.688439,48.195223,190.783885,42069.456058,625.132751,LT-ready,2206.771022,LT-ready,0,True,9.908676,False,WindowsHR++_Wallsm_insulation_Roofm_r_insulation_Infiltrationmingap_s+vC2.png
triple_glas,m_insulation,m_r_insulation,min gap_s + vC2,False,False,97.935134,3.748538,48.255321,183.126837,39926.500404,571.347738,LT-ready,2118.794469,LT-ready,0,True,11.506849,False,Windowstriple_glas_Wallsm_insulation_Roofm_r_insulation_Infiltrationmingap_s+vC2.png
double_glas,h_insulation,m_r_insulation,min gap_s + vC2,False,False,132.957079,3.524467,48.03125,217.924711,49654.102055,788.997428,LT-ready,2511.972246,Almost LT-ready,0.810502,True,6.906393,False,Windowsdouble_glas_Wallsh_insulation_Roofm_r_insulation_Infiltrationmingap_s+vC2.png
acht_w_foil,h_insulation,m_r_insulation,min gap_s + vC2,False,False,115.674429,3.61602,48.122803,200.733614,44852.764891,682.522849,LT-ready,2329.683172,LT-ready,0.034247,True,8.869863,False,Windowsacht_w_foil_Wallsh_insulation_Roofm_r_insulation_Infiltrationmingap_s+vC2.png
HR++,h_insulation,m_r_insulation,min gap_s + vC2,False,False,102.775073,3.647209,48.153993,187.865448,41267.297853,596.74678,LT-ready,2187.430636,LT-ready,0,True,10.673516,False,WindowsHR++_Wallsh_insulation_Roofm_r_insulation_Infiltrationmingap_s+vC2.png
triple_glas,h_insulation,m_r_insulation,min gap_s + vC2,False,False,94.81512,3.710757,48.217541,179.969043,39056.995951,542.615731,LT-ready,2098.991418,LT-ready,0,True,12.557078,False,Windowstriple_glas_Wallsh_insulation_Roofm_r_insulation_Infiltrationmingap_s+vC2.png
double_glas,non_insulated_w,h_r_insulation,min gap_s + vC2,False,False,187.592178,4.282524,48.789307,273.317867,64884.985302,1308.512857,LT-ready,2672.264599,Almost LT-ready,44.611872,False,6.712329,False,Windowsdouble_glas_Wallsnon_insulated_w_Roofh_r_insulation_Infiltrationmingap_s+vC2.png
acht_w_foil,non_insulated_w,h_r_insulation,min gap_s + vC2,False,False,171.116763,4.365846,48.87263,256.925775,60307.70974,1212.495388,LT-ready,2496.144665,Almost LT-ready,41.8379,False,7.16895,False,Windowsacht_w_foil_Wallsnon_insulated_w_Roofh_r_insulation_Infiltrationmingap_s+vC2.png
HR++,non_insulated_w,h_r_insulation,min gap_s + vC2,False,False,158.757998,4.392209,48.898993,244.593373,56872.327144,1135.405511,LT-ready,2359.643016,LT-ready,39.554795,False,7.568493,False,WindowsHR++_Wallsnon_insulated_w_Roofh_r_insulation_Infiltrationmingap_s+vC2.png
triple_glas,non_insulated_w,h_r_insulation,min gap_s + vC2,False,False,150.749225,4.443028,48.949812,236.635419,54647.810663,1086.91077,LT-ready,2275.42068,LT-ready,37.979452,False,8.047945,False,Windowstriple_glas_Wallsnon_insulated_w_Roofh_r_insulation_Infiltrationmingap_s+vC2.png
double_glas,cavity_w_insulation,h_r_insulation,min gap_s + vC2,False,False,139.798602,3.60214,48.108923,224.843907,51560.479767,886.356088,LT-ready,2385.138355,LT-ready,5.86758,False,6.575342,False,Windowsdouble_glas_Wallscavity_w_insulation_Roofh_r_insulation_Infiltrationmingap_s+vC2.png
acht_w_foil,cavity_w_insulation,h_r_insulation,min gap_s + vC2,False,False,122.72536,3.688583,48.195366,207.857108,46817.118004,781.84135,LT-ready,2202.075669,LT-ready,3.687215,False,7.888128,False,Windowsacht_w_foil_Wallscavity_w_insulation_Roofh_r_insulation_Infiltrationmingap_s+vC2.png
HR++,cavity_w_insulation,h_r_insulation,min gap_s + vC2,False,False,109.302863,3.71438,48.221163,194.460408,43085.906111,697.673804,LT-ready,2059.542515,LT-ready,2.123288,False,8.892694,False,WindowsHR++_Wallscavity_w_insulation_Roofh_r_insulation_Infiltrationmingap_s+vC2.png
triple_glas,cavity_w_insulation,h_r_insulation,min gap_s + vC2,False,False,101.661131,3.774914,48.281698,186.879211,40963.943391,644.574159,LT-ready,1971.185546,LT-ready,1.141553,True,9.954338,False,Windowstriple_glas_Wallscavity_w_insulation_Roofh_r_insulation_Infiltrationmingap_s+vC2.png
double_glas,l_insulation,h_r_insulation,min gap_s + vC2,False,False,136.910064,3.560604,48.067387,221.913833,50755.155299,860.708763,LT-ready,2367.820756,LT-ready,4.212329,False,6.723744,False,Windowsdouble_glas_Wallsl_insulation_Roofh_r_insulation_Infiltrationmingap_s+vC2.png
acht_w_foil,l_insulation,h_r_insulation,min gap_s + vC2,False,False,119.767416,3.654952,48.161735,204.865533,45992.889931,755.622359,LT-ready,2184.238412,LT-ready,2.465753,False,7.979452,False,Windowsacht_w_foil_Wallsl_insulation_Roofh_r_insulation_Infiltrationmingap_s+vC2.png
HR++,l_insulation,h_r_insulation,min gap_s + vC2,False,False,106.401906,3.681379,48.188163,191.526451,42277.556558,670.975078,LT-ready,2041.226241,LT-ready,0.993151,True,9.166667,False,WindowsHR++_Wallsl_insulation_Roofh_r_insulation_Infiltrationmingap_s+vC2.png
triple_glas,l_insulation,h_r_insulation,min gap_s + vC2,False,False,98.562179,3.738379,48.245163,183.743724,40100.358305,617.561042,LT-ready,1952.519762,LT-ready,0.43379,True,10.53653,False,Windowstriple_glas_Wallsl_insulation_Roofh_r_insulation_Infiltrationmingap_s+vC2.png
double_glas,m_insulation,h_r_insulation,min gap_s + vC2,False,False,131.129496,3.483848,47.990632,216.05651,49143.852325,809.301797,LT-ready,2333.089871,LT-ready,1.860731,False,7.020548,False,Windowsdouble_glas_Wallsm_insulation_Roofh_r_insulation_Infiltrationmingap_s+vC2.png
acht_w_foil,m_insulation,h_r_insulation,min gap_s + vC2,False,False,113.610653,3.574208,48.080991,198.628026,44276.77507,703.046049,LT-ready,2148.399776,LT-ready,0.513699,True,8.59589,False,Windowsacht_w_foil_Wallsm_insulation_Roofh_r_insulation_Infiltrationmingap_s+vC2.png
HR++,m_insulation,h_r_insulation,min gap_s + vC2,False,False,100.440152,3.612556,48.119339,185.495873,40616.267681,617.41764,LT-ready,2004.343997,LT-ready,0,True,10.091324,False,WindowsHR++_Wallsm_insulation_Roofh_r_insulation_Infiltrationmingap_s+vC2.png
triple_glas,m_insulation,h_r_insulation,min gap_s + vC2,False,False,92.848129,3.665556,48.17234,177.956851,38507.749874,563.357776,LT-ready,1914.851041,LT-ready,0,True,11.552511,False,Windowstriple_glas_Wallsm_insulation_Roofh_r_insulation_Infiltrationmingap_s+vC2.png
double_glas,h_insulation,h_r_insulation,min gap_s + vC2,False,False,127.981365,3.443717,47.9505,212.868247,48266.411109,782.009592,LT-ready,2314.624269,LT-ready,0.742009,True,6.974886,False,Windowsdouble_glas_Wallsh_insulation_Roofh_r_insulation_Infiltrationmingap_s+vC2.png
acht_w_foil,h_insulation,h_r_insulation,min gap_s + vC2,False,False,110.674285,3.539058,48.045842,195.656509,43458.470637,675.120386,LT-ready,2129.301824,LT-ready,0,True,8.926941,False,Windowsacht_w_foil_Wallsh_insulation_Roofh_r_insulation_Infiltrationmingap_s+vC2.png
HR++,h_insulation,h_r_insulation,min gap_s + vC2,False,False,97.359987,3.56611,48.072893,182.369262,39757.40948,588.959066,LT-ready,1984.629895,LT-ready,0,True,10.76484,False,WindowsHR++_Wallsh_insulation_Roofh_r_insulation_Infiltrationmingap_s+vC2.png
triple_glas,h_insulation,h_r_insulation,min gap_s + vC2,False,False,89.694304,3.628593,48.135377,174.766063,37628.884313,534.549206,LT-ready,1894.658695,LT-ready,0,True,12.705479,False,Windowstriple_glas_Wallsh_insulation_Roofh_r_insulation_Infiltrationmingap_s+vC2.png
double_glas,non_insulated_w,non_insulated_r,Good gap_s + vD,False,False,173.699073,4.90394,49.410724,260.046179,61052.798083,1207.794643,LT-ready,4060.228596,Not LT-ready,39.954338,False,7.465753,False,Windowsdouble_glas_Wallsnon_insulated_w_Roofnon_insulated_r_InfiltrationGoodgap_s+vD.png
acht_w_foil,non_insulated_w,non_insulated_r,Good gap_s + vD,False,False,159.247776,4.98088,49.487663,245.671821,57038.065642,1113.538767,LT-ready,3909.083298,Not LT-ready,37.214612,False,8.059361,False,Windowsacht_w_foil_Wallsnon_insulated_w_Roofnon_insulated_r_InfiltrationGoodgap_s+vD.png
HR++,non_insulated_w,non_insulated_r,Good gap_s + vD,False,False,148.09784,5.02043,49.527213,234.561435,53939.494056,1037.982045,LT-ready,3792.306927,Not LT-ready,34.372146,False,8.732877,False,WindowsHR++_Wallsnon_insulated_w_Roofnon_insulated_r_InfiltrationGoodgap_s+vD.png
triple_glas,non_insulated_w,non_insulated_r,Good gap_s + vD,False,False,141.956974,5.074101,49.580885,228.474241,52234.54534,990.534142,LT-ready,3720.494391,Not LT-ready,32.431507,False,9.3379,False,Windowstriple_glas_Wallsnon_insulated_w_Roofnon_insulated_r_InfiltrationGoodgap_s+vD.png
double_glas,cavity_w_insulation,non_insulated_r,Good gap_s + vD,False,False,129.097056,4.239381,48.746164,214.779602,48616.59028,788.12094,LT-ready,3817.632071,Not LT-ready,2.157534,False,8.413242,False,Windowsdouble_glas_Wallscavity_w_insulation_Roofnon_insulated_r_InfiltrationGoodgap_s+vD.png
acht_w_foil,cavity_w_insulation,non_insulated_r,Good gap_s + vD,False,False,114.584731,4.33765,48.844434,200.365547,44585.957745,685.661477,LT-ready,3661.317092,Almost LT-ready,0.719178,True,10.171233,False,Windowsacht_w_foil_Wallscavity_w_insulation_Roofnon_insulated_r_InfiltrationGoodgap_s+vD.png
HR++,cavity_w_insulation,non_insulated_r,Good gap_s + vD,False,False,104.006245,4.371093,48.877877,189.820504,41645.987587,603.29069,LT-ready,3540.054896,Almost LT-ready,0.057078,True,11.997717,False,WindowsHR++_Wallscavity_w_insulation_Roofnon_insulated_r_InfiltrationGoodgap_s+vD.png
triple_glas,cavity_w_insulation,non_insulated_r,Good gap_s + vD,False,False,97.012451,4.427799,48.934582,182.883415,39704.010226,551.422812,LT-ready,3465.166047,Almost LT-ready,0,True,13.59589,False,Windowstriple_glas_Wallscavity_w_insulation_Roofnon_insulated_r_InfiltrationGoodgap_s+vD.png
double_glas,l_insulation,non_insulated_r,Good gap_s + vD,False,False,126.449765,4.205225,48.712009,212.098156,47878.7218,762.61311,LT-ready,3803.062807,Not LT-ready,0.981735,True,8.618721,False,Windowsdouble_glas_Wallsl_insulation_Roofnon_insulated_r_InfiltrationGoodgap_s+vD.png
acht_w_foil,l_insulation,non_insulated_r,Good gap_s + vD,False,False,111.915341,4.300702,48.807485,197.659208,43841.803796,659.597228,LT-ready,3646.360935,Almost LT-ready,0.148402,True,10.616438,False,Windowsacht_w_foil_Wallsl_insulation_Roofnon_insulated_r_InfiltrationGoodgap_s+vD.png
HR++,l_insulation,non_insulated_r,Good gap_s + vD,False,False,101.763126,4.333381,48.840165,187.539673,41020.332106,576.757377,LT-ready,3524.744072,Almost LT-ready,0,True,12.614155,False,WindowsHR++_Wallsl_insulation_Roofnon_insulated_r_InfiltrationGoodgap_s+vD.png
triple_glas,l_insulation,non_insulated_r,Good gap_s + vD,False,False,94.601376,4.385663,48.892447,180.430205,39031.427844,524.579705,LT-ready,3449.598162,Almost LT-ready,0,True,14.66895,False,Windowstriple_glas_Wallsl_insulation_Roofnon_insulated_r_InfiltrationGoodgap_s+vD.png
double_glas,m_insulation,non_insulated_r,Good gap_s + vD,False,False,121.091801,4.136499,48.643282,206.671465,46385.338747,711.478647,LT-ready,3773.864729,Not LT-ready,0,True,9.212329,False,Windowsdouble_glas_Wallsm_insulation_Roofnon_insulated_r_InfiltrationGoodgap_s+vD.png
acht_w_foil,m_insulation,non_insulated_r,Good gap_s + vD,False,False,106.747667,4.221292,48.728075,192.412124,42400.800167,607.318785,LT-ready,3616.336754,Almost LT-ready,0,True,11.803653,False,Windowsacht_w_foil_Wallsm_insulation_Roofnon_insulated_r_InfiltrationGoodgap_s+vD.png
HR++,m_insulation,non_insulated_r,Good gap_s + vD,False,False,97.064076,4.264593,48.771377,182.771835,39710.175743,523.510368,LT-ready,3493.947444,Almost LT-ready,0,True,14.771689,False,WindowsHR++_Wallsm_insulation_Roofnon_insulated_r_InfiltrationGoodgap_s+vD.png
triple_glas,m_insulation,non_insulated_r,Good gap_s + vD,False,False,91.329022,4.32275,48.829534,177.094938,38118.299654,470.686972,LT-ready,3490.12706,Almost LT-ready,0,True,17.39726,False,Windowstriple_glas_Wallsm_insulation_Roofnon_insulated_r_InfiltrationGoodgap_s+vD.png
double_glas,h_insulation,non_insulated_r,Good gap_s + vD,False,False,118.577995,4.097021,48.603804,204.118181,45684.322433,684.331327,LT-ready,3758.34684,Not LT-ready,0,True,9.600457,False,Windowsdouble_glas_Wallsh_insulation_Roofnon_insulated_r_InfiltrationGoodgap_s+vD.png
acht_w_foil,h_insulation,non_insulated_r,Good gap_s + vD,False,False,103.982368,4.189792,48.696575,189.615325,41630.24945,579.547546,LT-ready,3600.34787,Almost LT-ready,0,True,12.671233,False,Windowsacht_w_foil_Wallsh_insulation_Roofnon_insulated_r_InfiltrationGoodgap_s+vD.png
HR++,h_insulation,non_insulated_r,Good gap_s + vD,False,False,93.398891,4.219644,48.726427,179.0617,38688.711192,495.205687,LT-ready,3477.507169,Almost LT-ready,0,True,16.175799,False,WindowsHR++_Wallsh_insulation_Roofnon_insulated_r_InfiltrationGoodgap_s+vD.png
triple_glas,h_insulation,non_insulated_r,Good gap_s + vD,False,False,88.586751,4.291968,48.798752,174.321885,37354.188558,442.021648,LT-ready,3401.444203,Almost LT-ready,0,True,19.474886,False,Windowstriple_glas_Wallsh_insulation_Roofnon_insulated_r_InfiltrationGoodgap_s+vD.png
double_glas,non_insulated_w,l_r_insulation,Good gap_s + vD,False,False,140.356871,4.270466,48.77725,226.070503,51749.261639,1173.855874,LT-ready,2692.007287,Almost LT-ready,39.623288,False,7.625571,False,Windowsdouble_glas_Wallsnon_insulated_w_Roofl_r_insulation_InfiltrationGoodgap_s+vD.png
acht_w_foil,non_insulated_w,l_r_insulation,Good gap_s + vD,False,False,125.351646,4.357572,48.864356,211.152384,47581.004007,1078.488059,LT-ready,2524.2885,Almost LT-ready,36.689498,False,8.310502,False,Windowsacht_w_foil_Wallsnon_insulated_w_Roofl_r_insulation_InfiltrationGoodgap_s+vD.png
HR++,non_insulated_w,l_r_insulation,Good gap_s + vD,False,False,113.925215,4.388546,48.895329,199.756926,44405.114706,1001.986335,LT-ready,2394.434555,LT-ready,33.732877,False,8.938356,False,WindowsHR++_Wallsnon_insulated_w_Roofl_r_insulation_InfiltrationGoodgap_s+vD.png
triple_glas,non_insulated_w,l_r_insulation,Good gap_s + vD,False,False,107.424789,4.448834,48.955618,193.316789,42600.512188,953.908544,LT-ready,2314.394356,LT-ready,31.860731,False,9.486301,False,Windowstriple_glas_Wallsnon_insulated_w_Roofl_r_insulation_InfiltrationGoodgap_s+vD.png
double_glas,cavity_w_insulation,l_r_insulation,Good gap_s + vD,False,False,95.296103,3.626014,48.132798,180.365283,39186.494192,751.170961,LT-ready,2419.007253,LT-ready,1.8379,False,8.641553,False,Windowsdouble_glas_Wallscavity_w_insulation_Roofl_r_insulation_InfiltrationGoodgap_s+vD.png
acht_w_foil,cavity_w_insulation,l_r_insulation,Good gap_s + vD,False,False,80.08259,3.704618,48.211402,165.230374,34959.889501,647.436086,LT-ready,2244.927874,LT-ready,0.53653,True,10.547945,False,Windowsacht_w_foil_Wallscavity_w_insulation_Roofl_r_insulation_InfiltrationGoodgap_s+vD.png
HR++,cavity_w_insulation,l_r_insulation,Good gap_s + vD,False,True,69.275836,3.741697,48.248481,154.460699,31956.625412,563.989006,LT-ready,2109.526705,LT-ready,0,True,12.511416,False,WindowsHR++_Wallscavity_w_insulation_Roofl_r_insulation_InfiltrationGoodgap_s+vD.png
triple_glas,cavity_w_insulation,l_r_insulation,Good gap_s + vD,False,True,63.173479,3.794378,48.301161,148.411022,30262.335435,511.409077,LT-ready,2025.665433,LT-ready,0,True,14.520548,False,Windowstriple_glas_Wallscavity_w_insulation_Roofl_r_insulation_InfiltrationGoodgap_s+vD.png
double_glas,l_insulation,l_r_insulation,Good gap_s + vD,False,False,92.610162,3.587167,48.09395,177.640494,38437.642468,725.476166,LT-ready,2402.54746,LT-ready,0.799087,True,9.02968,False,Windowsdouble_glas_Wallsl_insulation_Roofl_r_insulation_InfiltrationGoodgap_s+vD.png
acht_w_foil,l_insulation,l_r_insulation,Good gap_s + vD,False,True,78.032042,3.668502,48.175286,163.14371,34387.863949,621.177675,LT-ready,2227.98864,LT-ready,0.034247,True,11.073059,False,Windowsacht_w_foil_Wallsl_insulation_Roofl_r_insulation_InfiltrationGoodgap_s+vD.png
HR++,l_insulation,l_r_insulation,Good gap_s + vD,False,True,66.39444,3.700945,48.207728,151.53855,31153.326274,537.25812,LT-ready,2092.1434,LT-ready,0,True,13.1621,False,WindowsHR++_Wallsl_insulation_Roofl_r_insulation_InfiltrationGoodgap_s+vD.png
triple_glas,l_insulation,l_r_insulation,Good gap_s + vD,False,True,61.830856,3.761548,48.268331,147.035569,29887.333438,484.368412,LT-ready,2571.744707,Almost LT-ready,0,True,15.43379,False,Windowstriple_glas_Wallsl_insulation_Roofl_r_insulation_InfiltrationGoodgap_s+vD.png
double_glas,m_insulation,l_r_insulation,Good gap_s + vD,False,False,87.321271,3.515081,48.021864,172.279517,36963.298557,673.970782,LT-ready,2369.54054,LT-ready,0,True,9.497717,False,Windowsdouble_glas_Wallsm_insulation_Roofl_r_insulation_InfiltrationGoodgap_s+vD.png
acht_w_foil,m_insulation,l_r_insulation,Good gap_s + vD,False,True,72.292619,3.604361,48.111145,157.340146,32788.635532,568.51717,LT-ready,2268.969578,LT-ready,0,True,12.271689,False,Windowsacht_w_foil_Wallsm_insulation_Roofl_r_insulation_InfiltrationGoodgap_s+vD.png
HR++,m_insulation,l_r_insulation,Good gap_s + vD,False,True,61.136317,3.632853,48.139636,146.212335,29687.738715,483.627682,LT-ready,2063.678775,LT-ready,0,True,15.376712,False,WindowsHR++_Wallsm_insulation_Roofl_r_insulation_InfiltrationGoodgap_s+vD.png
triple_glas,m_insulation,l_r_insulation,Good gap_s + vD,False,True,55.894665,3.699561,48.206345,141.037392,28233.496238,430.0982,LT-ready,2159.453196,LT-ready,0,True,18.424658,False,Windowstriple_glas_Wallsm_insulation_Roofl_r_insulation_InfiltrationGoodgap_s+vD.png
double_glas,h_insulation,l_r_insulation,Good gap_s + vD,False,False,84.387467,3.481274,47.988057,169.311906,36145.774464,646.625399,LT-ready,2351.994727,LT-ready,0,True,9.908676,False,Windowsdouble_glas_Wallsh_insulation_Roofl_r_insulation_InfiltrationGoodgap_s+vD.png
acht_w_foil,h_insulation,l_r_insulation,Good gap_s + vD,False,True,69.522118,3.562838,48.069621,154.528121,32016.135207,540.544502,LT-ready,2175.825549,LT-ready,0,True,13.493151,False,Windowsacht_w_foil_Wallsh_insulation_Roofl_r_insulation_InfiltrationGoodgap_s+vD.png
HR++,h_insulation,l_r_insulation,Good gap_s + vD,False,True,59.003104,3.594374,48.101157,144.040643,29092.607227,455.125309,LT-ready,2038.440078,LT-ready,0,True,16.974886,False,WindowsHR++_Wallsh_insulation_Roofl_r_insulation_InfiltrationGoodgap_s+vD.png
triple_glas,h_insulation,l_r_insulation,Good gap_s + vD,False,True,53.639991,3.66243,48.169214,138.745587,27604.656717,401.243932,LT-ready,2193.646681,LT-ready,0,True,20.97032,False,Windowstriple_glas_Wallsh_insulation_Roofl_r_insulation_InfiltrationGoodgap_s+vD.png
double_glas,non_insulated_w,m_r_insulation,Good gap_s + vD,False,False,129.87157,4.091769,48.598553,215.406505,48824.558183,1161.688239,LT-ready,2273.863669,LT-ready,39.429224,False,7.636986,False,Windowsdouble_glas_Wallsnon_insulated_w_Roofm_r_insulation_InfiltrationGoodgap_s+vD.png
acht_w_foil,non_insulated_w,m_r_insulation,Good gap_s + vD,False,False,115.131652,4.174802,48.681586,200.74962,44729.872298,1065.803075,LT-ready,2100.408133,LT-ready,36.415525,False,8.333333,False,Windowsacht_w_foil_Wallsnon_insulated_w_Roofm_r_insulation_InfiltrationGoodgap_s+vD.png
HR++,non_insulated_w,m_r_insulation,Good gap_s + vD,False,False,103.77503,4.205469,48.712252,189.423664,41573.379965,988.845451,LT-ready,1966.009086,LT-ready,33.447489,False,8.984018,False,WindowsHR++_Wallsnon_insulated_w_Roofm_r_insulation_InfiltrationGoodgap_s+vD.png
triple_glas,non_insulated_w,m_r_insulation,Good gap_s + vD,False,False,96.669653,4.259336,48.76612,182.372155,39600.231409,940.452997,LT-ready,1883.104985,LT-ready,31.586758,False,9.486301,False,Windowstriple_glas_Wallsnon_insulated_w_Roofm_r_insulation_InfiltrationGoodgap_s+vD.png
double_glas,cavity_w_insulation,m_r_insulation,Good gap_s + vD,False,False,84.81995,3.445394,47.952178,169.70851,36264.238093,737.645626,LT-ready,1990.371886,LT-ready,1.678082,False,8.755708,False,Windowsdouble_glas_Wallscavity_w_insulation_Roofm_r_insulation_InfiltrationGoodgap_s+vD.png
acht_w_foil,cavity_w_insulation,m_r_insulation,Good gap_s + vD,False,True,69.240134,3.534075,48.040858,154.217374,31936.278105,633.274956,LT-ready,1896.015563,LT-ready,0.456621,True,10.776256,False,Windowsacht_w_foil_Wallscavity_w_insulation_Roofm_r_insulation_InfiltrationGoodgap_s+vD.png
HR++,cavity_w_insulation,m_r_insulation,Good gap_s + vD,False,True,58.813716,3.562069,48.068852,143.81895,29038.32132,549.262563,LT-ready,1671.351691,LT-ready,0,True,12.762557,False,WindowsHR++_Wallscavity_w_insulation_Roofm_r_insulation_InfiltrationGoodgap_s+vD.png
triple_glas,cavity_w_insulation,m_r_insulation,Good gap_s + vD,False,True,52.671881,3.614811,48.121594,137.729857,27333.056475,496.28964,LT-ready,1856.942834,LT-ready,0,True,14.737443,False,Windowstriple_glas_Wallscavity_w_insulation_Roofm_r_insulation_InfiltrationGoodgap_s+vD.png
double_glas,l_insulation,m_r_insulation,Good gap_s + vD,False,False,81.752944,3.40663,47.913413,166.602739,35409.424589,711.861954,LT-ready,1973.258708,LT-ready,0.696347,True,9.098174,False,Windowsdouble_glas_Wallsl_insulation_Roofm_r_insulation_InfiltrationGoodgap_s+vD.png
acht_w_foil,l_insulation,m_r_insulation,Good gap_s + vD,False,True,67.183957,3.49112,47.997903,152.118242,31362.344041,606.919764,LT-ready,2052.209615,LT-ready,0.022831,True,11.152968,False,Windowsacht_w_foil_Wallsl_insulation_Roofm_r_insulation_InfiltrationGoodgap_s+vD.png
HR++,l_insulation,m_r_insulation,Good gap_s + vD,False,True,56.172074,3.523466,48.03025,141.138706,28301.800537,522.428834,LT-ready,2115.002874,LT-ready,0,True,13.515982,False,WindowsHR++_Wallsl_insulation_Roofm_r_insulation_InfiltrationGoodgap_s+vD.png
triple_glas,l_insulation,m_r_insulation,Good gap_s + vD,False,True,50.335228,3.582504,48.089288,135.360898,26681.662503,469.142495,LT-ready,1845.714194,LT-ready,0,True,15.810502,False,Windowstriple_glas_Wallsl_insulation_Roofm_r_insulation_InfiltrationGoodgap_s+vD.png
double_glas,m_insulation,m_r_insulation,Good gap_s + vD,False,True,76.481933,3.333893,47.840676,161.258991,33940.02005,660.176022,LT-ready,1938.928351,LT-ready,0,True,9.554795,False,Windowsdouble_glas_Wallsm_insulation_Roofm_r_insulation_InfiltrationGoodgap_s+vD.png
acht_w_foil,m_insulation,m_r_insulation,Good gap_s + vD,False,True,61.844843,3.429787,47.936571,146.717796,29874.573877,554.064895,LT-ready,1757.033239,LT-ready,0,True,12.648402,False,Windowsacht_w_foil_Wallsm_insulation_Roofm_r_insulation_InfiltrationGoodgap_s+vD.png
HR++,m_insulation,m_r_insulation,Good gap_s + vD,False,True,51.154314,3.460955,47.967738,136.058434,26903.332762,468.594223,LT-ready,1885.797017,LT-ready,0,True,15.776256,False,WindowsHR++_Wallsm_insulation_Roofm_r_insulation_InfiltrationGoodgap_s+vD.png
triple_glas,m_insulation,m_r_insulation,Good gap_s + vD,True,True,46.304164,3.52215,48.028933,131.269479,25557.68182,414.663774,LT-ready,1788.2151,LT-ready,0,True,19.121005,False,Windowstriple_glas_Wallsm_insulation_Roofm_r_insulation_InfiltrationGoodgap_s+vD.png
double_glas,h_insulation,m_r_insulation,Good gap_s + vD,False,True,73.670051,3.299902,47.806685,158.413118,33156.390598,632.734424,LT-ready,1920.673071,LT-ready,0,True,10.125571,False,Windowsdouble_glas_Wallsh_insulation_Roofm_r_insulation_InfiltrationGoodgap_s+vD.png
acht_w_foil,h_insulation,m_r_insulation,Good gap_s + vD,False,True,58.787452,3.392687,47.89947,143.623304,29022.517603,525.989704,LT-ready,1931.953967,LT-ready,0,True,13.721461,False,Windowsacht_w_foil_Wallsh_insulation_Roofm_r_insulation_InfiltrationGoodgap_s+vD.png
HR++,h_insulation,m_r_insulation,Good gap_s + vD,True,True,48.452296,3.415667,47.92245,133.311128,26149.687187,439.986197,LT-ready,1652.357049,LT-ready,0,True,17.39726,False,WindowsHR++_Wallsh_insulation_Roofm_r_insulation_InfiltrationGoodgap_s+vD.png
triple_glas,h_insulation,m_r_insulation,Good gap_s + vD,True,True,43.268639,3.476633,47.983416,128.188437,24711.28366,385.704402,LT-ready,1860.062279,LT-ready,0,True,21.358447,False,Windowstriple_glas_Wallsh_insulation_Roofm_r_insulation_InfiltrationGoodgap_s+vD.png
double_glas,non_insulated_w,h_r_insulation,Good gap_s + vD,False,False,125.310832,4.011987,48.51877,210.765984,47552.311627,1155.665567,LT-ready,2082.748559,LT-ready,39.3379,False,7.659817,False,Windowsdouble_glas_Wallsnon_insulated_w_Roofh_r_insulation_InfiltrationGoodgap_s+vD.png
acht_w_foil,non_insulated_w,h_r_insulation,Good gap_s + vD,False,False,110.398858,4.090801,48.597585,195.932825,43409.569008,1059.481855,LT-ready,1906.539761,LT-ready,36.278539,False,8.413242,False,Windowsacht_w_foil_Wallsnon_insulated_w_Roofh_r_insulation_InfiltrationGoodgap_s+vD.png
HR++,non_insulated_w,h_r_insulation,Good gap_s + vD,False,False,98.470949,4.116472,48.623255,184.030586,40093.963382,982.254274,LT-ready,1877.603396,LT-ready,33.287671,False,8.984018,False,WindowsHR++_Wallsnon_insulated_w_Roofh_r_insulation_InfiltrationGoodgap_s+vD.png
triple_glas,non_insulated_w,h_r_insulation,Good gap_s + vD,False,False,92.205355,4.18044,48.687224,177.828961,38354.847247,933.67098,LT-ready,1994.28178,LT-ready,31.472603,False,9.554795,False,Windowstriple_glas_Wallsnon_insulated_w_Roofh_r_insulation_InfiltrationGoodgap_s+vD.png
double_glas,cavity_w_insulation,h_r_insulation,Good gap_s + vD,False,True,79.601675,3.364891,47.871675,164.409732,34809.108568,730.847031,LT-ready,1797.210776,LT-ready,1.598174,False,8.721461,False,Windowsdouble_glas_Wallscavity_w_insulation_Roofh_r_insulation_InfiltrationGoodgap_s+vD.png
acht_w_foil,cavity_w_insulation,h_r_insulation,Good gap_s + vD,False,True,65.150685,3.44714,47.953924,150.040991,30794.727974,626.085825,LT-ready,1688.427104,LT-ready,0.399543,True,10.696347,False,Windowsacht_w_foil_Wallscavity_w_insulation_Roofh_r_insulation_InfiltrationGoodgap_s+vD.png
HR++,cavity_w_insulation,h_r_insulation,Good gap_s + vD,False,True,54.53899,3.4798,47.986583,139.461955,27845.483766,541.712123,LT-ready,2035.586223,LT-ready,0,True,12.762557,False,WindowsHR++_Wallscavity_w_insulation_Roofh_r_insulation_InfiltrationGoodgap_s+vD.png
triple_glas,cavity_w_insulation,h_r_insulation,Good gap_s + vD,True,True,48.030516,3.534374,48.041157,133.008055,26038.356472,488.477389,LT-ready,1867.825653,LT-ready,0,True,14.840183,False,Windowstriple_glas_Wallscavity_w_insulation_Roofh_r_insulation_InfiltrationGoodgap_s+vD.png
double_glas,l_insulation,h_r_insulation,Good gap_s + vD,False,True,77.040344,3.329935,47.836718,161.813444,34095.103459,705.009578,LT-ready,1776.823582,LT-ready,0.673516,True,8.984018,False,Windowsdouble_glas_Wallsl_insulation_Roofh_r_insulation_InfiltrationGoodgap_s+vD.png
acht_w_foil,l_insulation,h_r_insulation,Good gap_s + vD,False,True,62.601937,3.408912,47.915696,147.454015,30084.057774,599.670657,LT-ready,1661.645635,LT-ready,0,True,11.289954,False,Windowsacht_w_foil_Wallsl_insulation_Roofh_r_insulation_InfiltrationGoodgap_s+vD.png
HR++,l_insulation,h_r_insulation,Good gap_s + vD,False,True,51.650367,3.443176,47.949959,136.536708,27040.382166,514.811839,LT-ready,1780.475872,LT-ready,0,True,13.710046,False,WindowsHR++_Wallsl_insulation_Roofh_r_insulation_InfiltrationGoodgap_s+vD.png
triple_glas,l_insulation,h_r_insulation,Good gap_s + vD,True,True,45.941097,3.502782,48.009566,130.887045,25455.748816,461.258875,LT-ready,1704.392312,LT-ready,0,True,16.038813,False,Windowstriple_glas_Wallsl_insulation_Roofh_r_insulation_InfiltrationGoodgap_s+vD.png
double_glas,m_insulation,h_r_insulation,Good gap_s + vD,False,True,71.532236,3.258629,47.765412,156.23403,32559.839179,653.214838,LT-ready,1950.900004,LT-ready,0,True,9.611872,False,Windowsdouble_glas_Wallsm_insulation_Roofh_r_insulation_InfiltrationGoodgap_s+vD.png
acht_w_foil,m_insulation,h_r_insulation,Good gap_s + vD,False,True,56.954831,3.348383,47.855166,141.746379,28510.681936,546.693626,LT-ready,1769.275059,LT-ready,0,True,12.93379,False,Windowsacht_w_foil_Wallsm_insulation_Roofh_r_insulation_InfiltrationGoodgap_s+vD.png
HR++,m_insulation,h_r_insulation,Good gap_s + vD,True,True,47.050153,3.378722,47.885505,131.87204,25757.927457,460.8423,LT-ready,1852.717183,LT-ready,0,True,15.981735,False,WindowsHR++_Wallsm_insulation_Roofh_r_insulation_InfiltrationGoodgap_s+vD.png
triple_glas,m_insulation,h_r_insulation,Good gap_s + vD,True,True,41.843436,3.431447,47.938231,126.718049,24312.697926,406.635658,LT-ready,2127.923061,LT-ready,0,True,19.292237,False,Windowstriple_glas_Wallsm_insulation_Roofh_r_insulation_InfiltrationGoodgap_s+vD.png
double_glas,h_insulation,h_r_insulation,Good gap_s + vD,False,True,69.058266,3.222164,47.728947,153.723595,31870.051601,625.714387,LT-ready,1723.272815,LT-ready,0,True,10.273973,False,Windowsdouble_glas_Wallsh_insulation_Roofh_r_insulation_InfiltrationGoodgap_s+vD.png
acht_w_foil,h_insulation,h_r_insulation,Good gap_s + vD,False,True,54.464421,3.314776,47.82156,139.222363,27816.466224,518.552511,LT-ready,1740.657065,LT-ready,0,True,13.915525,False,Windowsacht_w_foil_Wallsh_insulation_Roofh_r_insulation_InfiltrationGoodgap_s+vD.png
HR++,h_insulation,h_r_insulation,Good gap_s + vD,True,True,44.816334,3.338715,47.845498,129.598214,25134.742933,432.161995,LT-ready,2047.044639,LT-ready,0,True,17.671233,False,WindowsHR++_Wallsh_insulation_Roofh_r_insulation_InfiltrationGoodgap_s+vD.png
triple_glas,h_insulation,h_r_insulation,Good gap_s + vD,True,True,39.82828,3.403336,47.910119,124.674781,23750.915797,377.600669,LT-ready,2274.649343,LT-ready,0,True,21.826484,False,Windowstriple_glas_Wallsh_insulation_Roofh_r_insulation_InfiltrationGoodgap_s+vD.png
